id_img,label
10052,angry
10065,happy
10079,sad
10095,fear
10121,neutral
10148,neutral
10163,neutral
10215,angry
1024,neutral
10286,happy
10315,happy
10336,angry
10338,fear
10371,fear
10382,angry
10399,neutral
10415,happy
10426,angry
10551,fear
10554,angry
10583,happy
10699,neutral
10702,fear
1071,neutral
10743,happy
10746,fear
10818,angry
10823,happy
10825,neutral
10839,angry
10854,fear
10970,neutral
11002,happy
11017,fear
11024,angry
11028,happy
1106,neutral
11075,fear
11093,happy
11096,fear
11158,happy
11169,fear
11186,happy
11188,happy
11200,angry
1124,happy
11266,neutral
1127,happy
11337,happy
11342,happy
11400,angry
11421,happy
11467,neutral
11561,happy
11610,fear
11613,happy
11632,neutral
11642,neutral
11675,angry
11694,happy
1177,angry
11813,fear
11841,happy
11849,angry
11883,angry
11949,angry
11964,fear
11986,happy
12136,fear
12144,happy
1215,fear
12171,happy
12183,fear
12230,sad
12237,fear
12307,angry
1235,neutral
12352,fear
12489,happy
12680,fear
12695,happy
12733,happy
12808,happy
12810,fear
12841,happy
12842,angry
12851,angry
12928,fear
12945,happy
13029,angry
13041,happy
13057,neutral
13059,angry
13092,fear
13118,neutral
13167,happy
13220,fear
13267,neutral
13279,happy
13334,fear
13351,angry
13376,happy
13395,fear
1340,fear
13431,fear
1350,happy
13514,angry
13533,angry
13535,fear
1358,neutral
13582,neutral
13599,neutral
13607,happy
13671,fear
13672,neutral
13738,fear
13758,angry
1386,happy
13890,fear
13978,fear
14022,happy
14030,happy
14058,happy
14108,fear
14118,angry
14120,fear
14148,neutral
14185,neutral
14206,fear
1422,neutral
14243,happy
14315,neutral
14329,fear
14357,angry
14376,fear
1438,happy
14381,happy
14421,happy
14438,neutral
14498,happy
14557,fear
1460,happy
14706,neutral
1477,neutral
14775,fear
14821,angry
14831,fear
14870,neutral
14945,happy
15074,fear
1508,happy
15138,angry
15172,fear
15190,sad
15194,fear
15217,angry
15222,neutral
15295,sad
15474,fear
15500,sad
15502,fear
1555,happy
15562,happy
15637,happy
15644,neutral
15654,happy
15699,angry
157,fear
15709,happy
15712,happy
15715,fear
15725,happy
1575,happy
15771,fear
1582,happy
15820,angry
15821,neutral
15835,neutral
1584,neutral
15848,neutral
15897,happy
15919,happy
15941,angry
15954,fear
15979,happy
16033,angry
16102,sad
16169,neutral
16222,fear
16233,happy
16287,happy
16292,happy
16380,fear
16406,angry
16410,neutral
16413,fear
16428,happy
16506,angry
16510,neutral
16557,happy
16565,fear
16643,happy
16659,neutral
16681,happy
16711,fear
1672,happy
16764,fear
16768,fear
16783,neutral
16792,angry
16875,happy
16999,happy
17024,neutral
17053,happy
17085,fear
17099,angry
17167,angry
1717,neutral
17170,fear
17186,angry
17209,angry
17211,angry
17228,neutral
17259,neutral
17316,neutral
17344,fear
1736,neutral
17371,angry
17413,sad
17428,neutral
17445,angry
17452,happy
17502,fear
17536,neutral
17647,neutral
17700,neutral
17705,fear
17731,angry
17735,fear
17736,happy
17752,angry
17787,fear
17910,fear
17939,fear
18001,happy
18050,happy
18140,happy
18142,neutral
18161,happy
18166,neutral
18183,sad
18200,fear
18247,neutral
1825,angry
18254,fear
18284,happy
18376,angry
18380,sad
1841,fear
18415,neutral
18445,neutral
18459,happy
18466,happy
18492,happy
18534,neutral
18565,neutral
18566,angry
18588,happy
18593,neutral
18602,happy
18617,angry
18633,happy
18695,neutral
18715,neutral
18779,happy
1880,fear
18810,neutral
18837,happy
18882,angry
18903,angry
18949,fear
18983,neutral
1899,fear
18994,happy
19014,angry
19060,fear
19067,neutral
1908,neutral
19093,neutral
19108,angry
19114,angry
19115,happy
19140,happy
19152,happy
19268,fear
19292,sad
19309,happy
19392,happy
19476,happy
19477,fear
19485,happy
1966,happy
19664,sad
19732,fear
19811,happy
1983,angry
19832,fear
19877,happy
19906,fear
19923,neutral
1994,fear
19950,fear
19961,happy
2006,fear
20222,happy
20227,fear
20287,angry
20290,angry
20298,fear
20303,fear
20312,sad
20328,happy
20353,happy
20374,happy
20451,neutral
2050,happy
20505,neutral
20532,angry
2055,happy
20629,fear
20630,angry
20635,angry
20640,happy
20653,happy
20673,neutral
20686,fear
20736,fear
20739,angry
20796,happy
20817,happy
20849,neutral
21068,fear
21099,angry
21111,neutral
21131,happy
21135,angry
21161,happy
2117,sad
21173,neutral
21284,neutral
21371,fear
21374,neutral
2142,happy
21447,angry
21472,angry
21511,sad
21512,disgust
21520,happy
21541,neutral
21573,angry
21670,fear
21703,neutral
21723,happy
21782,happy
21836,sad
21865,fear
21916,neutral
21921,fear
21922,neutral
2194,happy
22089,neutral
22183,neutral
22184,angry
22198,fear
2225,neutral
22309,happy
22334,fear
22375,happy
22516,neutral
22695,neutral
22733,angry
22739,happy
22789,happy
22807,angry
22810,sad
22832,neutral
2290,happy
22990,happy
23,happy
23008,happy
23041,angry
23059,fear
23085,angry
23164,neutral
23194,happy
23215,neutral
23230,happy
23246,happy
23327,sad
23404,happy
23468,angry
23473,happy
23488,happy
23521,neutral
23532,angry
23749,angry
23780,neutral
23783,fear
23814,happy
23847,angry
23886,happy
24067,fear
2407,angry
24071,happy
24176,happy
24184,angry
24252,neutral
24378,fear
24412,sad
24428,fear
24435,neutral
24437,fear
24441,happy
24466,neutral
24490,angry
245,angry
24501,fear
24542,fear
24660,angry
24678,neutral
24711,happy
24789,angry
24797,fear
24819,angry
24821,angry
2484,angry
2486,angry
2487,fear
24886,happy
249,fear
24959,angry
24967,neutral
2498,fear
24992,happy
25082,happy
25088,happy
251,happy
25101,neutral
2511,angry
25131,neutral
25144,sad
25209,angry
25255,neutral
25343,angry
25360,neutral
25435,angry
25528,fear
25542,fear
2557,angry
2558,neutral
25612,fear
25681,neutral
25688,fear
25778,happy
25795,fear
2581,happy
25811,fear
25813,fear
25844,neutral
25874,happy
25876,neutral
25886,neutral
25891,sad
259,sad
25944,neutral
25973,angry
26025,sad
26038,happy
26059,neutral
26121,happy
26124,fear
26137,happy
26163,angry
26175,neutral
26177,happy
26181,neutral
26185,happy
26248,happy
26264,happy
26267,sad
26337,neutral
26344,happy
26437,happy
26446,angry
26462,angry
26572,fear
26597,fear
26618,fear
26620,fear
2668,angry
26725,happy
26789,happy
26845,angry
26860,fear
26886,happy
26899,angry
26900,fear
26919,neutral
26928,happy
26956,neutral
27016,happy
27022,fear
27054,happy
2709,happy
2712,happy
27284,angry
27296,happy
27385,fear
27413,fear
27464,happy
27483,fear
27544,neutral
2762,neutral
27652,fear
2770,happy
27704,fear
27715,fear
27726,neutral
27744,sad
27770,happy
27777,sad
27798,fear
27828,fear
2791,fear
27967,fear
27982,neutral
28015,happy
28058,happy
28062,neutral
28120,neutral
28144,angry
28148,angry
28149,fear
28207,fear
28248,angry
28288,fear
28300,happy
28401,happy
28438,happy
28498,angry
28509,happy
28543,happy
28547,neutral
28560,fear
28585,neutral
28614,happy
28618,happy
28620,sad
28660,fear
28707,angry
28720,happy
28731,neutral
28737,neutral
28743,neutral
28749,sad
28800,happy
28840,neutral
28867,angry
28884,angry
2890,angry
28932,angry
28952,fear
29085,neutral
29119,angry
29132,angry
29202,happy
29266,happy
29319,happy
2933,angry
29414,fear
29471,fear
29477,happy
29493,sad
29523,fear
29527,angry
29554,happy
29571,happy
29581,neutral
29588,fear
29614,happy
29669,angry
29685,angry
29730,neutral
298,angry
29818,angry
29866,angry
29929,angry
29931,fear
29947,happy
29977,neutral
29980,happy
30002,neutral
30004,happy
30015,happy
30024,happy
30058,happy
30059,happy
30082,angry
30085,neutral
30171,happy
3021,angry
30260,neutral
30273,happy
30290,happy
30305,happy
30320,neutral
30325,fear
30394,fear
30415,neutral
30420,neutral
30456,fear
30458,fear
30460,happy
30490,angry
30509,neutral
30535,fear
30563,angry
30584,fear
30619,fear
30901,angry
30933,happy
30944,happy
3099,angry
31033,neutral
31042,neutral
31081,happy
31083,happy
31138,happy
31142,neutral
31203,fear
3121,angry
3137,fear
31491,happy
31529,sad
31544,neutral
31609,angry
31635,fear
31693,neutral
31703,neutral
3176,happy
31849,fear
3186,happy
31873,fear
3188,fear
31928,happy
32023,sad
32024,fear
32153,neutral
32161,angry
32223,happy
32231,happy
3226,sad
32278,neutral
32281,fear
32298,happy
32336,happy
32352,fear
32367,happy
32454,neutral
32464,happy
32473,fear
3248,fear
32481,fear
32506,neutral
32512,neutral
32575,angry
32584,happy
32617,happy
32662,neutral
32755,happy
32777,happy
33015,fear
3303,fear
33105,sad
33131,fear
33221,angry
3327,fear
33301,angry
33308,happy
3334,happy
33352,neutral
33444,neutral
33450,neutral
33459,neutral
33494,fear
33560,angry
33573,happy
33633,neutral
33666,angry
3370,happy
33729,happy
3377,fear
338,neutral
33809,neutral
33829,angry
33890,neutral
33924,fear
33926,angry
3393,angry
33935,fear
33977,angry
33987,happy
33998,neutral
34036,neutral
34040,neutral
3412,happy
34138,happy
34151,angry
34175,neutral
34178,neutral
34184,fear
34238,sad
34259,happy
34352,happy
34359,fear
34363,fear
34448,happy
34474,fear
3449,sad
34507,happy
34581,neutral
34592,neutral
34596,angry
34620,neutral
3467,happy
34714,happy
34778,neutral
34879,sad
35009,angry
35010,fear
35028,happy
35041,happy
35059,neutral
35145,neutral
35149,fear
35162,angry
35210,fear
3522,fear
35261,angry
35298,happy
35407,fear
35425,angry
35439,fear
35447,happy
35514,angry
3558,angry
3564,fear
35669,happy
35681,angry
35682,happy
35731,angry
35753,happy
35805,fear
35809,fear
35820,angry
35828,angry
35881,happy
35884,neutral
3599,fear
3632,neutral
377,fear
38,sad
3802,happy
3819,neutral
3839,angry
3862,neutral
3870,happy
3913,fear
4015,neutral
404,fear
4060,neutral
4077,fear
4100,happy
4196,fear
4229,fear
4306,angry
4317,fear
4324,happy
4349,happy
4384,happy
4396,angry
4397,happy
4459,sad
4468,angry
4502,fear
4579,happy
4616,angry
4637,fear
4660,neutral
4665,happy
4670,happy
4700,fear
4751,neutral
4807,angry
4878,happy
4937,neutral
5010,happy
5060,neutral
5064,fear
521,happy
5220,happy
5233,fear
5244,happy
5259,angry
5312,happy
5317,neutral
5400,fear
5422,fear
5432,happy
5434,happy
5459,fear
5519,happy
5564,happy
5570,neutral
5582,angry
5607,neutral
5610,neutral
5637,happy
5732,happy
5739,neutral
5780,happy
5810,happy
5822,angry
5859,happy
5883,happy
5888,fear
589,fear
5902,happy
5962,fear
6009,fear
6017,happy
6075,angry
608,fear
6088,happy
6119,fear
6129,happy
6155,happy
6225,neutral
6232,happy
624,neutral
6274,fear
6278,angry
6283,fear
6321,neutral
633,fear
6347,fear
6364,happy
6365,neutral
6375,angry
6390,happy
6420,neutral
6426,happy
6471,neutral
6484,neutral
65,fear
654,fear
6547,angry
6555,happy
6561,fear
6566,angry
6580,neutral
6581,angry
6584,neutral
6618,happy
6621,neutral
665,neutral
6652,neutral
6726,fear
6739,fear
6745,angry
676,fear
6766,neutral
6809,angry
6890,happy
6923,neutral
6955,happy
6965,neutral
7015,neutral
7056,happy
7103,neutral
7136,neutral
7174,happy
7219,neutral
7257,neutral
7261,happy
727,angry
7284,angry
7291,fear
7409,fear
7492,happy
7550,angry
7559,happy
7589,neutral
764,happy
7655,fear
7668,happy
7729,happy
7777,fear
7793,happy
7811,fear
7886,neutral
7919,happy
7937,happy
7979,angry
8000,happy
8001,angry
8052,happy
8096,neutral
8103,neutral
8130,happy
8151,neutral
816,happy
8267,happy
8275,angry
8299,happy
8402,angry
842,neutral
854,happy
8555,neutral
8581,happy
8593,neutral
861,neutral
8661,neutral
8685,fear
8719,fear
8734,angry
8902,happy
8916,neutral
8969,neutral
9012,neutral
9059,happy
9100,fear
9156,angry
9266,angry
9293,happy
9331,happy
9400,neutral
9567,happy
9615,angry
966,happy
9691,happy
9698,happy
9715,happy
9748,fear
9785,neutral
9802,angry
9811,happy
9862,fear
9884,neutral
9931,happy
10053,angry
10435,happy
10532,angry
1115,angry
11222,angry
11529,neutral
11639,happy
12417,fear
12753,happy
13372,neutral
13597,happy
13652,happy
13847,fear
14041,angry
14869,happy
14954,angry
14958,neutral
15110,happy
16021,angry
16054,fear
16121,happy
16264,angry
16718,fear
17260,neutral
18077,angry
1843,fear
18464,angry
18716,happy
19649,neutral
19734,fear
19770,fear
19801,fear
19831,happy
20761,neutral
21744,angry
21765,neutral
21851,fear
22320,angry
2275,happy
23141,fear
23153,neutral
23665,happy
23876,happy
24578,happy
25267,neutral
25538,angry
25541,neutral
26859,sad
2732,angry
2742,happy
28332,fear
28390,neutral
28710,neutral
28987,happy
29158,angry
29269,angry
30347,angry
30428,fear
30499,neutral
30601,angry
30719,sad
30761,angry
30907,happy
3101,fear
31232,happy
31323,fear
31796,happy
31828,neutral
32487,happy
32681,neutral
33209,fear
33284,neutral
33561,angry
33670,happy
33995,neutral
34022,neutral
34432,neutral
34505,fear
34519,fear
3521,neutral
35376,fear
35580,angry
3690,fear
3778,fear
4002,happy
4004,happy
4265,angry
4312,fear
4481,fear
4737,happy
5085,angry
533,happy
573,neutral
6231,fear
6926,happy
7068,fear
7192,angry
7405,sad
7455,angry
7592,happy
7835,fear
807,neutral
8415,angry
8585,happy
8726,happy
8893,neutral
8948,happy
9043,neutral
9297,fear
9460,fear
9504,angry
10029,fear
10043,angry
10044,fear
1008,fear
10099,neutral
101,angry
10189,neutral
10263,happy
10267,happy
10278,fear
10292,happy
10355,angry
10409,neutral
10437,angry
10443,fear
10445,happy
10458,happy
10489,neutral
10493,happy
10534,neutral
1075,angry
10758,neutral
1079,happy
10797,neutral
10832,happy
10933,fear
10944,neutral
10968,happy
10979,angry
11030,happy
11036,neutral
11039,happy
11054,happy
11057,happy
11104,sad
11112,angry
11137,fear
11143,happy
11146,neutral
1116,fear
1128,neutral
1133,happy
11353,happy
11360,neutral
1137,neutral
11381,neutral
11412,happy
11416,angry
11471,happy
11536,fear
1154,happy
11559,angry
11587,neutral
11653,fear
11682,angry
11687,neutral
1169,fear
11704,neutral
11706,happy
11727,angry
11729,angry
11747,happy
11754,happy
11774,happy
11816,happy
11855,fear
11904,happy
1193,neutral
11944,happy
11968,angry
11999,fear
12063,fear
12125,happy
12255,neutral
12259,fear
12313,fear
12334,neutral
12350,sad
12383,fear
12431,fear
12440,neutral
12472,fear
12496,happy
12527,angry
12578,neutral
12592,angry
12634,happy
12674,neutral
12676,happy
12698,fear
12712,fear
12737,fear
12809,fear
12891,fear
12948,happy
12986,fear
12988,neutral
13067,fear
13071,neutral
131,angry
13114,neutral
13121,happy
13152,happy
13179,happy
13233,neutral
1325,happy
13250,happy
13252,fear
13301,angry
13306,sad
13308,angry
13310,happy
13362,happy
13394,angry
13405,fear
1343,fear
13482,happy
13486,happy
13518,angry
13549,sad
13561,fear
13585,angry
13587,angry
13593,angry
13596,neutral
13638,happy
13664,happy
1367,happy
13683,neutral
13694,happy
13798,fear
13855,neutral
1389,angry
13899,happy
13913,angry
13921,fear
13928,neutral
13933,fear
13939,fear
13965,happy
13971,happy
1401,angry
14011,fear
14033,angry
14037,happy
14044,neutral
14057,happy
14082,happy
1410,neutral
14114,happy
14117,happy
14268,neutral
1429,happy
14306,happy
1441,fear
14444,neutral
14452,angry
14509,neutral
14529,neutral
14551,angry
14605,happy
14620,neutral
14637,angry
1465,happy
14722,angry
1474,neutral
14744,happy
14747,fear
14786,happy
14789,angry
148,happy
1485,angry
14891,angry
14987,happy
15001,angry
15012,fear
15040,fear
1506,fear
15088,happy
15134,angry
15191,neutral
15198,angry
15260,angry
15268,happy
15279,happy
15280,happy
1534,angry
15503,neutral
15539,fear
15544,neutral
15578,happy
15615,angry
15622,fear
15663,fear
15668,happy
15678,angry
1576,angry
15778,fear
15859,happy
15870,happy
15881,angry
15921,happy
15950,angry
15984,happy
1599,fear
15999,sad
16039,happy
1606,happy
16071,neutral
16113,happy
16134,fear
16226,happy
16277,neutral
16318,happy
16330,angry
16346,fear
16374,angry
16395,disgust
16429,sad
16440,fear
16450,fear
16486,happy
16489,happy
16501,happy
16503,fear
16523,fear
16539,happy
1654,angry
16559,happy
1657,fear
1660,fear
16609,neutral
16632,fear
16674,angry
16775,fear
16788,happy
16802,sad
16811,angry
16830,happy
16915,fear
16930,happy
16954,fear
16977,angry
16990,angry
17105,angry
17107,happy
17114,fear
17180,neutral
17191,neutral
17213,fear
17217,happy
1722,happy
17236,angry
1727,happy
17314,happy
17334,fear
17369,happy
17449,angry
17479,angry
17503,neutral
17550,fear
17558,neutral
1756,fear
17587,happy
17631,angry
17668,angry
17685,neutral
17707,angry
17710,fear
17762,neutral
17816,neutral
17831,happy
17834,neutral
17901,angry
17930,happy
17932,fear
17934,happy
1796,happy
1799,neutral
18006,angry
18010,happy
18068,sad
18073,angry
18104,fear
18106,neutral
18108,angry
18117,fear
18148,angry
18203,neutral
18291,neutral
18299,fear
18309,neutral
18317,neutral
18325,fear
18336,happy
18364,neutral
1838,happy
18404,neutral
18513,happy
18517,happy
18523,happy
18527,sad
18542,sad
18569,fear
1857,neutral
18574,happy
18641,fear
18713,sad
1873,fear
18753,angry
18757,neutral
18763,happy
18905,happy
18908,happy
18911,angry
18960,happy
18974,angry
18976,happy
18984,angry
19000,angry
19020,happy
19064,happy
19089,happy
19119,angry
19188,happy
19216,neutral
19226,fear
19235,happy
19252,neutral
1929,angry
19349,neutral
1939,happy
19454,neutral
19473,happy
19497,happy
19559,neutral
19599,happy
19612,angry
19644,sad
19682,happy
19740,happy
19754,neutral
19810,angry
19841,neutral
1986,fear
19888,angry
19896,happy
19897,neutral
19995,happy
200,sad
20037,neutral
20058,neutral
20062,happy
20083,happy
20135,happy
20194,angry
20214,fear
20265,neutral
20337,happy
20411,angry
20424,neutral
20450,fear
20461,angry
2047,happy
20476,neutral
20495,happy
20508,fear
20526,happy
20579,neutral
20598,neutral
20617,happy
20715,angry
20831,neutral
20843,happy
20851,angry
20897,fear
20970,fear
2098,happy
21,neutral
21070,angry
21101,neutral
21102,neutral
21227,fear
21230,angry
21250,fear
21269,neutral
21280,neutral
21352,fear
21360,sad
21387,happy
21420,fear
21464,fear
21499,happy
21500,neutral
21556,angry
21559,neutral
21598,happy
21615,angry
21654,happy
21686,fear
21697,neutral
2178,fear
21833,happy
21858,angry
21877,happy
21946,angry
21967,happy
22050,fear
22074,neutral
22102,neutral
22130,happy
22166,fear
2226,happy
22326,neutral
22349,fear
224,neutral
22458,neutral
22485,happy
22520,happy
22607,angry
22640,fear
22662,neutral
22756,happy
22791,happy
22827,happy
22839,fear
22840,neutral
22917,happy
22944,neutral
22988,happy
22997,neutral
23038,angry
23083,neutral
23100,angry
23126,angry
23142,angry
23184,fear
23192,happy
23209,neutral
23260,angry
23305,happy
23332,fear
23362,angry
23368,happy
23389,happy
23403,neutral
23427,fear
23447,angry
23463,neutral
23477,fear
23517,fear
23540,angry
23561,happy
23566,fear
2357,happy
23718,neutral
23731,happy
23767,angry
23778,happy
2378,happy
23791,angry
2391,neutral
24016,happy
24035,angry
24088,fear
24089,fear
24131,happy
2416,neutral
24165,neutral
24185,fear
24213,sad
24220,fear
2426,happy
24452,angry
24479,angry
24482,neutral
24539,angry
24554,fear
24562,angry
24579,neutral
24621,angry
24625,neutral
24694,happy
24721,fear
24753,angry
24763,fear
24778,angry
24822,fear
24880,fear
24948,angry
24963,fear
24978,happy
24991,happy
25045,angry
25046,neutral
25061,neutral
25074,angry
25108,angry
25109,fear
25133,neutral
25162,fear
25191,fear
25202,neutral
25220,fear
25242,neutral
25247,neutral
25298,fear
25306,happy
25327,happy
25359,happy
25439,angry
25481,happy
25496,fear
25555,neutral
25570,happy
25577,angry
25590,fear
25605,happy
25621,angry
25638,neutral
25647,happy
25710,angry
258,angry
25820,happy
25914,fear
2592,fear
2593,happy
26082,happy
26091,happy
26097,happy
26131,fear
26210,angry
26250,fear
26275,neutral
26283,neutral
26363,neutral
26377,happy
26385,angry
26394,angry
264,happy
26402,happy
26409,sad
2641,happy
26454,happy
26469,fear
2651,fear
2657,sad
26582,neutral
26726,angry
2681,angry
26842,fear
26895,neutral
26916,fear
26927,angry
26973,happy
26980,fear
270,happy
27006,neutral
27077,happy
27094,fear
27098,angry
27103,happy
27145,neutral
27300,neutral
27308,angry
27359,neutral
27363,happy
27369,happy
27488,happy
27503,fear
27509,happy
27591,fear
27635,happy
27709,angry
27764,happy
27772,happy
27806,neutral
27846,happy
27868,angry
27889,fear
2789,fear
27899,angry
27910,happy
27937,angry
28050,neutral
28101,angry
28189,angry
28210,happy
28243,angry
28267,angry
28308,happy
28331,happy
28417,neutral
28453,fear
28503,happy
28515,happy
28548,angry
2858,neutral
2860,happy
28627,neutral
28701,happy
28704,happy
28724,fear
28729,neutral
28734,happy
28859,happy
29005,happy
29026,happy
29027,angry
29043,fear
2906,fear
29068,happy
29126,fear
29152,sad
29219,angry
2927,happy
29284,angry
29285,angry
29291,fear
29315,happy
29327,happy
29349,fear
29389,angry
29478,angry
29528,happy
29536,happy
29603,neutral
29629,neutral
29674,neutral
297,fear
29701,neutral
29709,fear
29713,angry
29720,angry
29731,fear
29733,happy
29735,happy
29738,neutral
29795,fear
29869,happy
2987,neutral
29871,happy
2988,fear
29892,sad
29912,neutral
29924,neutral
29990,neutral
3000,fear
30062,angry
30074,happy
30196,angry
30206,fear
30237,fear
30253,angry
30316,fear
30333,angry
3036,fear
30482,angry
30564,fear
3057,angry
30594,happy
30638,neutral
30735,happy
30774,angry
30798,happy
3087,angry
30936,angry
31007,happy
31105,fear
31107,fear
31116,angry
3112,neutral
31130,angry
31157,fear
31159,angry
31188,angry
3124,happy
31286,neutral
31330,neutral
31341,happy
31357,happy
31375,happy
31395,angry
31398,angry
314,happy
31421,happy
31461,neutral
31526,happy
31535,happy
31569,happy
31625,angry
31638,neutral
31655,angry
3170,fear
31738,neutral
31782,happy
31821,happy
31855,happy
31860,neutral
31866,neutral
31903,angry
31916,happy
31940,happy
31954,neutral
31973,fear
31979,happy
32076,neutral
32097,angry
32103,fear
32180,neutral
32279,fear
32323,fear
32349,happy
32351,neutral
32438,neutral
32461,happy
32463,fear
32485,fear
32507,angry
32551,angry
32569,happy
32619,angry
32623,neutral
32642,fear
32682,fear
32688,happy
3269,angry
32692,fear
32696,angry
32758,happy
32766,fear
32799,neutral
32829,neutral
32876,happy
32879,happy
32889,angry
32931,happy
32940,angry
32941,happy
32946,angry
3296,happy
3297,happy
32996,sad
33007,happy
33051,happy
33097,happy
3314,happy
33215,neutral
33258,happy
33299,neutral
33358,sad
33390,happy
33410,angry
33419,neutral
33440,fear
33490,happy
33519,neutral
33535,angry
33548,fear
33559,angry
33587,happy
33608,sad
33617,sad
33644,fear
33673,happy
33674,neutral
33701,neutral
33718,happy
33806,angry
33855,fear
3391,neutral
33919,angry
33940,fear
340,happy
3402,angry
34024,angry
34063,angry
3409,fear
34097,sad
341,neutral
34100,neutral
34117,fear
34120,fear
34143,angry
34201,happy
34277,angry
34325,happy
34356,neutral
34382,happy
34396,fear
34415,angry
34462,happy
34465,fear
34522,happy
34545,angry
34613,happy
34656,fear
34659,neutral
34675,fear
3472,angry
34730,neutral
34755,angry
34878,happy
34897,fear
34968,happy
34972,neutral
35022,happy
35120,neutral
35151,sad
35202,fear
35207,fear
35230,neutral
35238,angry
35250,happy
35257,neutral
35279,fear
35322,neutral
35334,angry
35362,happy
35363,neutral
35394,happy
35410,happy
35427,happy
35453,fear
35541,neutral
35592,happy
35629,fear
3565,happy
35697,happy
35709,fear
3584,happy
35851,angry
3601,happy
3645,angry
365,happy
3709,angry
3714,angry
3719,happy
3722,happy
3736,happy
3739,angry
3742,fear
3783,fear
3785,neutral
3836,neutral
3837,angry
3985,neutral
4033,neutral
4040,sad
4064,happy
4098,happy
414,happy
418,neutral
4200,happy
4217,neutral
4234,fear
4296,fear
4308,neutral
4316,happy
4340,angry
4411,happy
4453,neutral
4516,angry
452,sad
4523,sad
454,angry
4540,fear
4547,happy
460,happy
4650,happy
4821,happy
483,angry
4858,angry
4901,happy
4917,neutral
4975,neutral
4979,happy
4986,neutral
500,happy
5023,happy
504,fear
507,neutral
5074,happy
5097,angry
5117,fear
5184,happy
5222,fear
5253,happy
5263,neutral
5283,happy
5360,happy
538,happy
546,neutral
5472,angry
5514,fear
5567,happy
5622,happy
5638,happy
5654,happy
5717,happy
5736,fear
5809,angry
5858,happy
5957,neutral
5961,happy
5989,angry
5992,happy
6035,happy
6037,happy
6054,fear
6059,fear
6062,happy
6064,fear
6091,sad
6106,happy
6152,fear
6153,happy
6176,neutral
6179,happy
6214,neutral
6311,fear
6345,fear
6346,fear
6366,fear
6469,happy
6495,angry
6515,angry
6608,fear
6732,happy
6747,fear
6808,neutral
6814,angry
6876,neutral
689,happy
6902,fear
6909,fear
6973,angry
6988,neutral
7027,happy
7038,neutral
7102,neutral
712,fear
7129,happy
7146,happy
7150,happy
7158,angry
7182,neutral
7270,happy
7271,neutral
729,happy
73,happy
7302,neutral
7305,fear
7350,happy
7394,neutral
741,happy
7517,happy
7542,happy
7580,fear
7681,fear
7684,neutral
7748,neutral
7749,fear
7756,happy
7786,happy
7819,neutral
7846,fear
7875,fear
7894,neutral
794,happy
7980,happy
8035,fear
8040,neutral
8043,neutral
8067,neutral
8119,disgust
8163,disgust
8177,happy
8178,happy
8239,fear
8350,fear
8433,happy
8454,fear
8474,happy
8481,fear
85,happy
8556,happy
859,fear
8611,happy
8637,fear
8645,neutral
8672,happy
872,happy
8754,angry
8795,happy
8797,angry
8818,angry
886,neutral
9037,neutral
9040,fear
9101,neutral
911,neutral
9179,neutral
9205,fear
9232,happy
9251,angry
9261,happy
9281,happy
9302,fear
9333,fear
9369,happy
9370,happy
9474,happy
949,neutral
9602,neutral
9606,neutral
9842,happy
9898,fear
10019,angry
10023,neutral
10074,sad
10096,fear
10106,happy
10126,neutral
10138,happy
10141,sad
1020,happy
10218,happy
10237,happy
10248,fear
10257,neutral
1027,happy
10273,fear
10276,neutral
10312,angry
10317,angry
10344,happy
10362,fear
10367,happy
10370,happy
10432,happy
10456,angry
10467,fear
10468,happy
10480,neutral
10528,sad
10540,neutral
10552,fear
1056,happy
10571,angry
1058,neutral
10622,happy
10638,angry
10640,angry
10644,neutral
10647,fear
10683,neutral
10703,angry
1074,happy
10770,angry
10773,happy
10792,fear
1081,angry
10811,neutral
10841,neutral
10879,neutral
10903,happy
10935,neutral
10956,happy
10992,angry
11019,happy
1111,neutral
11150,angry
11208,neutral
1121,sad
11236,happy
1130,fear
11345,angry
11349,fear
11392,fear
1141,neutral
11500,angry
11508,happy
11516,neutral
1152,happy
11530,happy
11549,happy
11552,angry
11558,fear
11573,neutral
11575,neutral
11588,neutral
1159,neutral
11594,fear
11604,neutral
11614,angry
11637,neutral
11646,happy
11658,neutral
11717,happy
11733,happy
11763,neutral
11766,happy
11772,neutral
11785,fear
11793,angry
11808,happy
11814,happy
11819,happy
11835,neutral
11842,happy
11850,happy
11885,neutral
11927,fear
12011,happy
1202,neutral
12024,neutral
12098,happy
12120,happy
12129,happy
12141,neutral
12191,angry
12239,happy
12257,neutral
12284,fear
12321,neutral
12329,neutral
12349,neutral
12359,fear
12376,happy
12379,neutral
12381,neutral
12410,happy
1246,happy
12487,neutral
12492,neutral
12497,fear
12557,happy
12560,fear
12581,happy
12600,neutral
12611,angry
12672,fear
12705,happy
12725,angry
12729,angry
12772,neutral
12776,happy
12789,happy
12861,happy
12904,angry
12936,fear
12951,angry
12956,happy
12957,neutral
13037,neutral
13073,happy
1309,angry
13105,neutral
13108,angry
13127,angry
13139,sad
13151,fear
1316,neutral
13204,fear
13228,happy
13283,neutral
13317,happy
13322,angry
1334,neutral
13348,angry
13353,happy
13363,happy
13366,happy
13385,angry
1341,fear
13427,neutral
13428,fear
13449,neutral
13456,happy
13476,fear
13502,fear
13526,angry
13528,fear
13570,fear
13584,happy
13590,happy
13615,neutral
13618,angry
13655,happy
13703,neutral
13706,neutral
13715,happy
13757,fear
13761,happy
13792,fear
13802,fear
1381,fear
13833,angry
13848,angry
13874,happy
13877,angry
139,angry
13911,happy
13912,happy
13925,angry
1395,angry
13955,fear
13968,neutral
13969,neutral
13991,neutral
14063,happy
14092,fear
141,neutral
14139,fear
14152,happy
14155,happy
14169,angry
14236,neutral
14278,happy
14282,angry
14292,happy
14310,angry
14314,fear
14327,happy
14348,angry
14360,fear
14371,neutral
14378,happy
14419,happy
14427,happy
14448,angry
14473,fear
14475,happy
14516,neutral
14517,neutral
14518,happy
14546,neutral
14586,angry
14593,happy
14611,neutral
14700,sad
14730,angry
14757,neutral
14759,fear
14792,neutral
14877,happy
1491,angry
14965,neutral
14973,neutral
15039,neutral
15060,neutral
15077,angry
15099,happy
1512,happy
15147,angry
15181,happy
15212,angry
15216,angry
15221,angry
15229,happy
15257,happy
15269,happy
15271,angry
15292,fear
15310,neutral
15323,angry
15331,neutral
15335,happy
1538,happy
15397,happy
15400,neutral
15409,neutral
15426,angry
15432,angry
15438,neutral
15443,happy
15455,sad
15494,fear
15520,neutral
15523,happy
15589,happy
15616,happy
15621,neutral
15677,fear
15708,happy
15758,angry
15767,neutral
15791,happy
15843,fear
15854,neutral
15885,fear
15910,happy
15966,neutral
15976,neutral
15983,happy
16037,happy
16042,happy
16064,neutral
16076,happy
16081,happy
16106,angry
16108,fear
16120,neutral
16141,angry
16192,angry
16198,happy
16238,happy
16275,happy
1628,angry
16308,happy
16370,fear
16375,happy
1640,neutral
16407,fear
16423,angry
16444,happy
16460,fear
16511,angry
16550,happy
16562,fear
16583,fear
16588,angry
16596,angry
16604,neutral
16611,fear
16619,angry
16633,fear
16649,happy
16667,happy
16699,happy
167,angry
1670,sad
16700,fear
16712,fear
16734,happy
16738,happy
16751,happy
16752,happy
16759,angry
16770,fear
16795,happy
16799,fear
16809,angry
16818,fear
16952,fear
16967,happy
16971,happy
1699,neutral
17002,fear
17007,angry
17010,angry
17021,happy
17022,happy
17032,happy
1704,angry
17041,happy
1707,neutral
17098,neutral
17104,neutral
17117,fear
17188,happy
17194,angry
17207,fear
17220,happy
17319,happy
17367,neutral
17381,fear
17397,angry
17402,happy
17447,fear
17462,happy
17470,happy
17484,happy
17485,neutral
17494,neutral
17498,happy
17506,fear
17524,happy
17541,happy
17543,neutral
17552,neutral
17609,angry
17624,happy
17654,angry
1768,neutral
17682,neutral
17684,happy
17692,happy
17694,neutral
17698,fear
1770,happy
17715,happy
17772,angry
17799,happy
17802,happy
17821,neutral
1787,happy
17904,angry
1793,neutral
17936,angry
18016,happy
18018,happy
18025,fear
18033,happy
18037,fear
18080,fear
18082,fear
1815,angry
18165,happy
18173,angry
18205,neutral
18226,fear
18237,angry
18245,happy
18249,fear
18250,sad
18256,angry
18259,fear
18297,angry
18308,happy
18383,angry
18405,angry
18424,neutral
18425,happy
18442,fear
18443,angry
18471,angry
18476,angry
18483,fear
18487,fear
18503,happy
18505,angry
18531,neutral
18541,neutral
18556,neutral
18568,fear
18578,neutral
18655,fear
18662,neutral
1869,fear
187,happy
18700,happy
18729,fear
18783,fear
18822,angry
18827,fear
18834,fear
18835,neutral
18849,happy
18861,happy
1887,fear
18873,happy
18885,happy
18898,neutral
18904,happy
18930,neutral
18944,fear
18948,fear
18952,neutral
19008,happy
19012,fear
19025,neutral
19056,fear
19062,fear
19063,angry
19074,happy
19105,happy
19127,happy
19130,neutral
19132,angry
19137,happy
19148,angry
19160,neutral
19162,sad
1919,happy
192,fear
1920,happy
19210,neutral
19245,happy
19263,fear
19269,happy
19284,disgust
19291,fear
19317,happy
19318,neutral
19323,happy
19346,angry
19357,happy
19370,happy
19377,neutral
19378,angry
1938,happy
19398,happy
19402,happy
19438,neutral
19449,sad
19478,neutral
19492,fear
19496,fear
19499,happy
19514,neutral
1953,happy
19536,angry
19548,angry
19568,fear
19589,neutral
19597,neutral
196,angry
19600,happy
19605,angry
19668,neutral
19680,happy
19696,fear
19700,happy
19709,neutral
19711,angry
1974,happy
19744,neutral
19747,happy
19748,angry
19768,happy
19803,happy
19837,happy
19883,fear
19889,happy
19918,neutral
19957,fear
19958,angry
19962,neutral
19968,happy
2001,happy
20023,neutral
20025,angry
20032,happy
20039,fear
20048,fear
20091,angry
20111,neutral
2012,happy
20120,neutral
20122,happy
20140,happy
20155,fear
20165,neutral
20181,neutral
20196,neutral
20208,angry
20213,neutral
20216,neutral
20218,happy
20229,neutral
20239,angry
20252,happy
20267,neutral
20285,happy
20296,angry
20318,angry
20355,angry
20365,neutral
20371,fear
20377,fear
20412,fear
20430,angry
20445,happy
20490,happy
20500,happy
20507,happy
20519,happy
20547,angry
20561,happy
20567,neutral
2058,happy
20580,happy
20595,happy
20616,angry
2064,angry
20666,neutral
20675,fear
20684,happy
20685,happy
2069,fear
20745,fear
20821,fear
20829,neutral
20850,angry
20857,angry
20865,angry
20866,angry
20889,happy
20918,neutral
20941,sad
20945,fear
20949,sad
20958,happy
20972,neutral
20984,angry
20988,fear
20994,neutral
210,fear
21006,neutral
21027,fear
21033,neutral
21077,fear
21097,happy
21098,happy
21120,happy
21143,happy
21177,happy
21185,happy
2120,fear
21200,fear
2122,happy
21235,neutral
21292,happy
213,happy
21305,fear
21316,angry
21348,happy
2135,fear
2137,neutral
21376,neutral
21384,angry
21394,fear
21439,happy
21441,neutral
21460,angry
21473,fear
21483,fear
21501,neutral
2152,happy
21524,happy
21538,happy
21574,angry
2159,happy
21593,happy
21602,happy
21605,fear
21618,angry
21699,angry
21708,fear
21750,fear
21778,angry
21783,fear
21787,happy
2182,happy
21825,angry
21835,happy
2184,angry
21846,happy
21876,neutral
21899,neutral
21927,happy
21942,neutral
21943,happy
21961,neutral
21990,happy
2204,happy
22056,angry
22064,happy
22080,angry
22097,happy
22111,angry
22138,happy
22140,fear
22150,fear
22154,fear
22178,happy
22179,angry
22191,neutral
22194,happy
22201,happy
22247,angry
22289,neutral
22290,happy
22301,fear
2231,sad
22340,angry
22346,happy
22347,neutral
22351,happy
22380,happy
22388,angry
22395,fear
22424,angry
22459,happy
22466,happy
22506,neutral
22532,fear
22545,neutral
22560,happy
22574,angry
22600,happy
22604,neutral
22612,neutral
22614,neutral
22671,angry
22679,happy
22711,neutral
22750,angry
22754,neutral
22763,neutral
22778,neutral
22784,happy
22804,neutral
22805,fear
2282,angry
22834,happy
2284,fear
22863,happy
2287,fear
22894,neutral
22900,sad
22910,neutral
2293,happy
22935,neutral
22991,happy
23028,fear
2305,happy
2307,angry
2308,fear
23096,neutral
23101,fear
23114,neutral
23122,happy
23170,happy
23238,neutral
2324,happy
2327,angry
23293,neutral
23319,angry
23320,angry
23321,angry
23334,angry
23377,angry
23380,happy
23381,neutral
23419,happy
23440,happy
23453,happy
23462,fear
2350,happy
23501,angry
23525,angry
23555,neutral
23559,neutral
23572,angry
23590,fear
23612,angry
23621,angry
23664,angry
23667,fear
2374,happy
2377,happy
23770,angry
23786,happy
23801,happy
23813,neutral
23848,fear
23862,happy
23865,neutral
23866,neutral
23891,neutral
23897,happy
23920,happy
23933,fear
23946,happy
24027,happy
2403,angry
24054,angry
24055,fear
24077,angry
24079,neutral
24099,happy
2411,fear
24123,fear
24137,neutral
24148,sad
24161,angry
24189,neutral
24200,fear
2421,neutral
24211,happy
24219,sad
24224,happy
2424,happy
24241,happy
24259,happy
24263,neutral
24286,angry
24289,fear
24292,happy
24297,happy
24299,happy
24340,neutral
24354,neutral
24355,happy
2436,happy
24360,happy
24380,sad
24390,happy
24391,happy
24393,happy
24395,sad
24410,happy
24465,fear
24492,neutral
2450,happy
24509,angry
24521,fear
24530,fear
24535,fear
24536,happy
24570,happy
24607,happy
24633,fear
24652,fear
24656,neutral
24680,fear
24692,fear
24699,angry
247,neutral
24718,happy
2472,neutral
24731,happy
24747,happy
24764,happy
24769,fear
24777,angry
24783,happy
24823,neutral
2483,happy
24845,fear
24884,happy
24906,neutral
24910,angry
2492,angry
24942,angry
24946,neutral
25006,happy
25017,angry
25028,happy
25037,happy
25039,angry
25048,fear
25058,neutral
25123,happy
25163,angry
25180,angry
25186,happy
25199,angry
25223,happy
25271,happy
25275,fear
25287,fear
25322,neutral
25328,fear
25337,angry
25342,happy
25383,happy
25396,happy
25414,angry
25420,neutral
25431,happy
25438,happy
25443,happy
25454,neutral
25472,angry
25517,angry
25533,fear
2554,fear
2556,happy
25578,angry
2559,neutral
25602,happy
25604,neutral
25649,neutral
25652,neutral
25658,neutral
25686,angry
25705,fear
25714,neutral
25719,neutral
25720,neutral
25744,fear
25747,happy
25759,angry
25775,fear
25809,sad
25839,angry
25887,fear
25902,fear
25927,neutral
25937,fear
25949,happy
25993,happy
26018,fear
2603,neutral
26032,fear
26034,angry
26046,angry
26077,happy
26098,angry
26107,fear
2611,neutral
26159,fear
26160,happy
26169,happy
2620,angry
26212,fear
26224,fear
2629,neutral
26338,neutral
26370,happy
26397,sad
2640,neutral
26456,happy
26459,happy
26468,happy
26477,neutral
2649,fear
26511,angry
2655,fear
26563,happy
26578,happy
26660,angry
26665,happy
26667,sad
26676,angry
26703,angry
26720,happy
26736,happy
26775,happy
2678,neutral
26819,angry
26840,fear
26850,neutral
26873,fear
26888,happy
26891,neutral
26906,fear
26909,sad
26913,neutral
26935,happy
26960,happy
26963,fear
26967,sad
26978,fear
26981,angry
27048,happy
27051,happy
27105,neutral
27106,neutral
27128,happy
27140,neutral
27152,neutral
27162,sad
27172,happy
27187,happy
27196,neutral
27197,neutral
27204,happy
27212,neutral
27227,angry
27246,sad
27277,happy
27294,angry
2730,fear
27326,fear
27333,happy
27334,neutral
27365,neutral
27367,neutral
27404,angry
27407,happy
27426,happy
27446,neutral
2745,angry
27452,happy
27474,neutral
27508,happy
2754,neutral
27554,sad
27563,fear
27575,happy
27616,fear
27619,neutral
27625,fear
27636,fear
27645,neutral
27647,neutral
27648,angry
27662,fear
27671,fear
27675,neutral
27701,angry
2771,angry
2774,angry
27779,angry
27823,neutral
27854,sad
2790,happy
27928,angry
27931,happy
27932,happy
27940,fear
27944,fear
27949,happy
2796,neutral
28040,happy
28046,neutral
2805,neutral
2806,happy
2810,neutral
28105,happy
28108,angry
28115,angry
28138,neutral
28140,fear
2816,fear
2820,neutral
28249,happy
28256,happy
28264,happy
28273,happy
28282,happy
28367,angry
28376,neutral
28379,happy
28383,neutral
28415,happy
28474,happy
28502,fear
28522,angry
28529,happy
2857,happy
28581,fear
28590,happy
28594,neutral
28600,happy
2861,happy
28632,happy
2867,happy
28676,fear
28688,neutral
28772,fear
28797,angry
28807,fear
28814,angry
2885,happy
28871,happy
28897,angry
28928,fear
28934,neutral
28938,happy
28949,happy
28954,happy
28955,neutral
28962,angry
28963,happy
28982,happy
29003,angry
29019,neutral
29020,sad
29067,happy
29071,happy
29074,happy
29111,happy
29123,angry
2913,happy
29185,fear
29211,happy
29214,sad
29248,happy
29258,happy
29290,happy
2930,angry
29300,happy
29329,angry
29365,happy
29370,happy
2938,sad
29398,happy
29415,angry
29423,neutral
29456,angry
29460,neutral
29464,happy
29467,neutral
29475,happy
2948,happy
29504,happy
29555,happy
29578,fear
29589,fear
29645,happy
29647,happy
29648,fear
29649,neutral
2965,happy
29680,happy
29697,neutral
29699,sad
29707,fear
29724,angry
29766,happy
29769,happy
29773,angry
29821,happy
29834,happy
29844,neutral
2985,happy
29889,happy
29919,neutral
29979,happy
29981,fear
29987,happy
29991,happy
30,fear
30006,sad
30016,neutral
30069,fear
30099,happy
3010,neutral
30102,happy
30114,angry
30119,happy
30127,happy
30143,neutral
3016,fear
30164,happy
30188,happy
30193,angry
30216,angry
3022,happy
30221,happy
3024,angry
30241,happy
30245,happy
3029,angry
30297,happy
30328,happy
30332,angry
30337,happy
30338,neutral
30341,happy
30400,angry
30407,neutral
30424,fear
30478,sad
30585,happy
30646,sad
30651,happy
30652,angry
30661,happy
30675,happy
30683,angry
30689,happy
3069,neutral
30704,angry
30728,neutral
30737,fear
30738,neutral
30749,happy
3077,happy
30772,fear
30779,fear
30793,happy
30808,neutral
30820,neutral
30822,sad
30823,happy
30825,sad
3083,neutral
30830,neutral
30835,fear
30851,fear
30855,happy
30856,neutral
3086,fear
30871,happy
30893,fear
30909,neutral
30948,fear
30951,neutral
30961,happy
30962,fear
30965,sad
30981,happy
31010,fear
31029,fear
31043,fear
31056,angry
3106,neutral
31080,happy
31101,angry
31112,angry
31137,neutral
31140,neutral
31141,happy
31145,happy
3117,neutral
3120,neutral
31209,fear
31239,neutral
31285,fear
31295,fear
3131,fear
31316,fear
3132,angry
31366,fear
3138,happy
31384,fear
3144,fear
31440,neutral
3146,fear
31542,angry
31551,neutral
31571,fear
31572,happy
3162,neutral
31627,happy
31629,fear
31659,neutral
31697,happy
31742,neutral
31752,angry
31806,neutral
31811,happy
3182,fear
31833,fear
31853,angry
31858,happy
31870,fear
31897,sad
31908,fear
31929,happy
31952,angry
31977,angry
31987,happy
32046,neutral
32047,neutral
32048,sad
32051,fear
3209,fear
32142,neutral
32144,happy
3215,neutral
32177,neutral
32248,neutral
32344,fear
32354,happy
32372,happy
32377,happy
32382,fear
32388,happy
32402,happy
32439,happy
3245,happy
325,happy
3250,happy
32541,angry
32544,fear
32568,angry
32570,neutral
32574,happy
32595,sad
3260,sad
32607,angry
32614,happy
32624,fear
32627,neutral
32684,happy
32725,happy
32763,neutral
32769,happy
32773,neutral
3278,happy
32796,angry
32826,happy
32835,fear
32837,happy
32838,fear
32849,happy
32913,angry
32917,sad
32950,happy
32952,happy
32953,neutral
32958,angry
32973,fear
32993,happy
32997,neutral
32998,neutral
33016,fear
33017,happy
33024,happy
33046,sad
33065,happy
33066,angry
33071,angry
33084,angry
33091,happy
33094,fear
331,happy
3313,angry
33144,happy
33174,happy
33175,happy
3318,fear
33188,happy
33212,neutral
33216,angry
33228,fear
33231,fear
33240,angry
33268,neutral
33283,sad
333,happy
33319,angry
33320,sad
33322,happy
33326,fear
33343,happy
33357,neutral
33366,sad
33375,happy
33407,happy
33423,fear
33455,fear
33460,angry
33463,neutral
33518,fear
33525,happy
33530,fear
33533,happy
33544,neutral
33564,fear
33610,neutral
33648,angry
33660,fear
33675,happy
33690,neutral
33727,happy
33757,neutral
33762,neutral
33802,fear
33807,neutral
33842,neutral
33853,neutral
33874,neutral
33915,happy
33917,neutral
33933,sad
33938,neutral
33981,neutral
34015,happy
34049,angry
34057,fear
34098,happy
3410,happy
34102,happy
3411,fear
34119,fear
34129,neutral
3414,happy
34170,happy
34219,happy
3422,neutral
34226,happy
34234,happy
34244,fear
34257,neutral
34295,neutral
34302,fear
3431,neutral
34316,neutral
34361,happy
34375,neutral
34386,fear
34397,angry
34412,happy
34435,angry
34437,happy
34464,fear
34468,neutral
3447,happy
34471,sad
34483,angry
34498,neutral
34510,angry
3452,angry
34567,happy
34569,angry
34585,happy
34599,angry
34600,neutral
34644,happy
34645,happy
34649,happy
3465,fear
34688,fear
34720,neutral
34724,neutral
34737,happy
34753,fear
34756,happy
34759,happy
34761,angry
34768,angry
34772,fear
34829,fear
34836,happy
34840,happy
34841,neutral
34861,angry
34941,angry
34965,happy
34969,happy
34978,happy
35101,angry
35117,happy
35142,neutral
35153,happy
35163,happy
35177,neutral
35199,angry
35200,happy
35209,happy
35226,happy
35291,neutral
35321,angry
35341,happy
35346,neutral
35364,happy
35369,angry
35370,neutral
35372,happy
3538,fear
3543,happy
35454,neutral
35481,neutral
35497,neutral
35520,neutral
35536,happy
35547,sad
35552,happy
35559,happy
35582,fear
35598,happy
356,happy
35603,neutral
35659,angry
35664,neutral
35677,neutral
35685,fear
35698,angry
3570,happy
35707,neutral
35721,happy
35724,happy
3574,neutral
35767,angry
35771,happy
35787,happy
35792,angry
35794,angry
35804,happy
35850,sad
35856,happy
35860,happy
35869,neutral
3590,fear
3647,fear
366,neutral
3662,angry
3663,happy
370,happy
3755,happy
3763,happy
3766,neutral
3772,neutral
3811,neutral
3818,happy
3842,neutral
3875,fear
3891,fear
3906,angry
3958,angry
3959,happy
3969,happy
3977,angry
3978,happy
3982,angry
4029,fear
4041,happy
4084,neutral
4090,happy
4094,angry
41,angry
4107,happy
4114,angry
4133,happy
4156,angry
4159,happy
4165,happy
4169,angry
4174,angry
4182,neutral
4185,happy
4226,happy
4248,fear
4264,fear
4269,angry
4284,happy
4295,happy
4345,sad
4363,fear
4366,happy
440,angry
4433,neutral
446,fear
4480,happy
4485,happy
4492,neutral
4506,happy
4526,neutral
4549,fear
4558,neutral
4576,fear
4580,happy
4589,happy
4606,happy
4607,neutral
4620,neutral
4634,happy
4640,fear
4649,happy
4653,fear
4666,angry
478,fear
4786,happy
4791,neutral
4797,fear
4803,neutral
4814,angry
4827,happy
4832,happy
4849,happy
485,happy
487,happy
4910,happy
4948,angry
4980,neutral
4988,fear
4996,neutral
5006,happy
5008,neutral
5048,happy
5062,fear
5089,happy
5102,sad
5127,angry
5154,fear
5176,angry
5209,happy
5264,neutral
5269,neutral
527,happy
5278,happy
5279,neutral
5289,happy
5293,neutral
5303,happy
531,angry
5318,angry
5340,angry
5356,fear
5417,happy
5445,angry
5452,neutral
5468,angry
5477,angry
5490,sad
5493,happy
5523,happy
553,sad
5548,happy
5558,neutral
5594,neutral
5618,angry
5674,angry
568,angry
5694,fear
5705,fear
5714,happy
5719,fear
5753,happy
5766,neutral
5783,fear
5797,happy
5800,angry
5807,happy
5812,fear
5835,angry
5857,happy
5891,happy
5904,happy
5919,neutral
594,happy
5942,happy
5954,happy
5968,neutral
5977,angry
5988,angry
6029,sad
6045,angry
6052,happy
6095,fear
6110,happy
6123,fear
613,happy
6136,angry
6169,angry
6175,angry
6183,angry
62,happy
620,happy
6206,fear
6217,happy
6246,angry
6272,happy
628,happy
629,angry
6368,happy
6378,happy
639,fear
6394,happy
6403,fear
6416,happy
6444,neutral
6457,happy
6473,happy
6500,angry
6522,angry
6532,angry
655,fear
657,angry
6577,happy
659,fear
6603,happy
6616,happy
6677,neutral
6686,happy
6689,fear
6691,happy
6700,neutral
6703,neutral
674,fear
6744,neutral
6759,angry
6776,neutral
6784,happy
6792,happy
681,neutral
6811,angry
6818,neutral
6865,fear
690,happy
6914,happy
6928,angry
693,happy
6935,happy
6977,fear
6989,happy
7017,neutral
7020,happy
7026,happy
7029,neutral
7065,angry
7080,happy
7100,happy
7116,happy
7159,neutral
7162,happy
7191,happy
7200,fear
721,happy
7244,sad
7245,happy
7292,happy
7299,sad
7333,happy
7335,angry
7366,sad
7379,happy
738,angry
7392,neutral
7413,angry
7425,happy
7441,fear
7511,fear
7531,neutral
7532,angry
7537,angry
7548,neutral
7561,fear
7590,happy
7603,fear
7659,neutral
7664,happy
7672,happy
7674,angry
7680,angry
7700,happy
7702,happy
7712,happy
7713,neutral
7737,angry
774,fear
7753,happy
7762,neutral
7804,happy
7813,neutral
7815,neutral
7827,angry
7845,happy
7881,fear
7892,happy
7905,happy
7916,fear
7948,happy
7975,neutral
7986,angry
8,neutral
80,neutral
8020,neutral
8027,happy
8034,sad
8049,fear
8065,neutral
8082,neutral
8086,angry
8089,happy
817,angry
8188,happy
8228,neutral
8268,happy
8276,angry
8284,neutral
8293,happy
8301,angry
8303,neutral
8316,happy
8322,neutral
8331,happy
8334,neutral
8338,happy
8355,fear
8424,fear
8434,fear
8449,sad
8457,happy
8473,fear
8539,fear
8548,happy
8559,angry
856,angry
8649,fear
8657,neutral
8662,happy
8677,happy
8682,angry
8691,happy
8704,fear
873,happy
8753,happy
8756,happy
8762,happy
880,happy
8820,happy
8861,happy
8864,happy
8886,angry
8915,neutral
8940,happy
895,angry
8960,fear
897,neutral
898,neutral
8993,sad
9005,happy
906,angry
9060,happy
9070,happy
9071,neutral
9085,happy
9094,fear
9147,angry
915,happy
9152,fear
9167,happy
9174,neutral
9180,neutral
9202,happy
9206,neutral
9222,fear
9246,angry
9272,neutral
9286,neutral
9371,fear
9392,happy
9412,happy
9416,fear
942,neutral
9437,fear
9442,fear
9476,angry
9486,happy
951,neutral
9538,happy
9542,fear
9570,angry
9571,happy
9598,neutral
9599,fear
9605,neutral
9640,neutral
9687,fear
973,fear
9774,angry
9800,sad
9833,happy
9845,angry
9865,fear
9890,angry
9893,fear
9897,neutral
9901,neutral
9933,fear
9977,happy
9979,angry
9984,happy
10033,fear
10048,neutral
10068,happy
10117,neutral
10118,angry
10134,happy
10150,happy
10247,angry
10266,fear
10346,fear
10406,neutral
1045,neutral
10512,neutral
10518,happy
10533,neutral
10535,happy
10549,happy
10624,neutral
10634,neutral
10653,angry
10676,happy
10693,sad
10715,happy
10741,angry
10774,neutral
10787,angry
10902,angry
10906,neutral
10916,angry
10926,fear
1093,angry
1094,neutral
1101,sad
11022,happy
11032,happy
11034,happy
11038,happy
11055,neutral
11065,happy
11098,angry
11108,fear
11130,angry
11168,happy
11180,happy
112,happy
11213,angry
11218,angry
11233,angry
11251,happy
1126,happy
11269,fear
11277,fear
11278,neutral
11317,happy
11358,angry
11390,neutral
11395,happy
1142,neutral
11448,sad
11462,neutral
11491,angry
11518,angry
11560,happy
11603,angry
11654,angry
11660,happy
11686,fear
11689,happy
11725,neutral
11738,fear
11783,happy
11818,happy
11823,happy
11834,angry
11872,angry
11875,fear
11889,fear
1189,angry
11913,neutral
11928,neutral
11977,happy
12042,happy
1206,angry
12090,angry
12096,fear
12100,happy
12106,fear
12116,neutral
12117,angry
12162,fear
12173,angry
1220,happy
12202,happy
12215,happy
1222,angry
1227,happy
12272,happy
12289,neutral
12319,angry
12361,happy
12363,neutral
12366,happy
12407,angry
12423,fear
1248,fear
12500,fear
12508,angry
12519,neutral
12569,happy
12647,fear
12801,happy
12852,angry
12869,neutral
12879,fear
12885,neutral
12933,neutral
12976,fear
1300,happy
13047,fear
1313,fear
13161,angry
13164,fear
13188,happy
13212,happy
13237,happy
13242,happy
1328,angry
13337,happy
1336,neutral
1339,angry
13409,happy
13411,angry
13424,fear
13430,fear
13433,angry
13441,happy
13467,angry
13498,sad
135,happy
13531,fear
13586,happy
13603,angry
13619,happy
13633,happy
13644,neutral
13653,happy
13670,happy
13692,happy
13695,angry
13800,neutral
13808,fear
13825,angry
13834,happy
13843,fear
13897,happy
13909,fear
14047,angry
1407,fear
1411,fear
14113,happy
14135,happy
14154,happy
14170,angry
14174,angry
14175,neutral
14187,neutral
14190,fear
14224,fear
14342,sad
14352,angry
14362,fear
14406,neutral
14436,fear
14481,fear
14487,neutral
14495,neutral
14496,neutral
14513,angry
14542,angry
14550,angry
14564,neutral
14641,fear
14645,neutral
14671,fear
14703,fear
14717,happy
14741,angry
14859,happy
14867,happy
14929,neutral
1493,fear
14957,angry
14980,happy
15007,happy
15013,fear
15044,angry
15070,fear
15102,fear
15106,angry
15120,happy
15121,angry
15132,happy
15168,angry
15193,happy
15207,fear
15210,happy
15220,happy
15248,happy
15293,angry
15333,happy
15334,angry
15350,angry
15366,happy
15387,happy
15405,angry
15441,fear
15445,neutral
15459,happy
15529,angry
15536,happy
15568,fear
15570,happy
15611,happy
15634,happy
15638,angry
15651,fear
15686,fear
15713,angry
15716,neutral
15717,angry
1572,sad
15721,angry
15824,neutral
15847,fear
15890,neutral
15904,happy
15932,angry
15963,angry
16019,fear
16094,fear
16101,happy
16143,happy
16196,neutral
16257,angry
16324,neutral
16329,happy
16350,neutral
16363,neutral
16389,happy
16419,happy
16463,happy
16464,angry
16476,fear
16478,neutral
16508,fear
1656,happy
16569,fear
16570,happy
16575,happy
16685,happy
1669,neutral
16696,neutral
16714,angry
1675,fear
16817,happy
16823,angry
1683,happy
16845,angry
1685,neutral
16860,happy
1688,angry
16890,fear
16964,neutral
16969,fear
16989,angry
17015,fear
17018,happy
17028,angry
17131,happy
1716,sad
17163,happy
17212,happy
17231,happy
17251,angry
17267,fear
17273,angry
17276,neutral
17295,neutral
17318,fear
17345,neutral
17359,sad
1737,happy
1738,angry
17417,happy
17424,fear
17538,fear
17555,happy
17563,happy
17582,happy
1759,happy
17598,neutral
17695,neutral
17702,fear
17790,happy
17815,happy
17837,neutral
1785,happy
17886,fear
17973,neutral
17980,happy
18035,neutral
18130,happy
18168,happy
18181,angry
1819,happy
18208,neutral
18223,sad
18281,fear
18288,happy
1830,happy
18301,fear
18312,happy
18321,angry
18339,neutral
1835,happy
18388,happy
18389,neutral
18431,neutral
18469,angry
18497,angry
18545,angry
18554,sad
18658,fear
18687,neutral
18703,angry
18708,happy
18725,fear
1874,fear
18778,happy
18791,fear
18803,fear
18825,neutral
18909,happy
1892,neutral
18926,sad
1897,happy
18973,fear
18986,neutral
19009,happy
19131,fear
19181,angry
19204,happy
19214,happy
19234,angry
19259,happy
19329,angry
19340,happy
19373,angry
19390,neutral
19411,neutral
19435,happy
19495,sad
19533,fear
19549,fear
19571,happy
19581,angry
19590,angry
19591,neutral
19609,neutral
19615,angry
19643,neutral
1972,happy
19793,happy
19797,happy
19829,happy
19855,happy
19863,happy
1988,fear
19953,fear
19983,angry
19993,happy
20008,happy
20019,angry
20028,fear
20036,fear
201,neutral
20150,happy
20157,neutral
2019,angry
20223,fear
20257,angry
20272,angry
20274,fear
20289,fear
20360,disgust
20372,happy
20416,happy
20432,neutral
2044,angry
20514,happy
20517,neutral
2053,angry
20549,angry
20588,neutral
20603,happy
20621,happy
20665,neutral
20670,neutral
2068,happy
20680,happy
20737,happy
20814,happy
20833,happy
20856,angry
20875,angry
20892,angry
20893,angry
20933,happy
20948,happy
21025,happy
21030,neutral
21092,neutral
21104,angry
21150,neutral
21166,neutral
21167,happy
21199,fear
21210,angry
21265,happy
21311,neutral
21314,angry
2133,happy
21337,happy
21351,neutral
21377,neutral
21386,neutral
21393,neutral
21404,neutral
21451,happy
21455,neutral
21470,angry
21475,happy
2149,neutral
21557,angry
2156,happy
21589,neutral
21638,neutral
21658,neutral
21663,fear
21695,happy
217,angry
2172,angry
21730,angry
21752,happy
21794,neutral
21812,angry
21817,happy
21822,happy
21852,neutral
21862,happy
21880,angry
21962,happy
21971,happy
22023,fear
22028,angry
2207,angry
22088,happy
22091,happy
22095,happy
22123,fear
2216,angry
2223,sad
22267,sad
2227,happy
22292,neutral
22325,neutral
22336,fear
22354,neutral
22357,neutral
22403,neutral
22410,angry
22442,angry
22457,happy
22482,angry
22508,fear
22517,happy
22571,happy
22576,happy
22587,angry
22617,happy
22627,happy
22655,happy
22688,sad
22691,angry
22720,happy
2273,happy
22774,neutral
22787,happy
2279,happy
22820,neutral
22867,neutral
22886,happy
22916,fear
22924,happy
22974,happy
22987,fear
22992,happy
23012,fear
2303,happy
23039,happy
23057,happy
23103,neutral
23119,angry
23167,neutral
23172,fear
23186,happy
23204,happy
23216,happy
23224,fear
23244,happy
23272,happy
23291,happy
23343,fear
23348,fear
23396,neutral
23457,angry
23470,happy
23487,fear
23565,happy
23609,neutral
23623,fear
23634,happy
23666,angry
23691,fear
23722,neutral
23725,angry
23741,happy
23794,happy
23858,sad
23869,happy
23929,fear
24003,happy
24051,happy
24065,happy
24101,happy
24104,neutral
24105,neutral
24156,angry
24175,fear
24182,fear
24187,sad
24232,happy
2427,angry
24347,angry
24358,happy
2443,happy
24443,fear
24531,angry
24573,neutral
24575,angry
2458,happy
24725,angry
24768,neutral
24774,neutral
24779,angry
24785,angry
24798,neutral
24815,fear
24820,happy
24877,fear
24912,neutral
24931,angry
24962,neutral
24964,neutral
25007,neutral
25018,angry
25021,fear
25078,fear
25089,neutral
25099,happy
2510,neutral
25151,angry
25295,angry
25318,neutral
2535,fear
25372,happy
25391,happy
25401,neutral
25409,fear
25451,happy
25497,happy
25507,fear
25520,angry
25537,neutral
25573,angry
25593,fear
25615,happy
25627,fear
25635,sad
2564,happy
25668,happy
25678,happy
25682,neutral
25685,happy
25695,happy
25701,happy
25723,happy
25743,happy
25773,neutral
25797,fear
25800,happy
25810,neutral
25818,angry
25841,angry
2588,happy
25895,happy
25915,happy
25919,fear
25969,angry
25978,neutral
25979,happy
25994,angry
26016,angry
26023,happy
26041,angry
26049,angry
26056,fear
26067,happy
26069,neutral
26081,fear
2613,happy
26134,neutral
26161,happy
26187,happy
26190,happy
26192,happy
26200,happy
26209,happy
26223,happy
26227,happy
26237,neutral
26318,happy
26364,angry
26411,happy
26453,neutral
26464,happy
26495,sad
26539,angry
26647,happy
26654,angry
26682,happy
26715,neutral
26767,neutral
2677,happy
26771,fear
26833,neutral
26839,neutral
26851,happy
26892,happy
26901,happy
26961,happy
2699,happy
2710,neutral
27115,happy
27190,neutral
27218,happy
27229,fear
2727,fear
27299,angry
273,fear
27306,neutral
27329,happy
27405,neutral
27465,happy
2747,angry
2750,neutral
2753,neutral
27533,fear
27594,happy
27597,happy
2761,happy
27642,neutral
27646,neutral
27650,happy
27683,neutral
27692,neutral
27752,fear
27767,fear
27864,happy
2792,fear
27985,neutral
27995,angry
28005,happy
28007,happy
28014,happy
28025,fear
28084,angry
28153,happy
28235,fear
28251,angry
28269,happy
28278,fear
2829,fear
28298,happy
28359,happy
28471,happy
28478,happy
28480,neutral
28493,neutral
28499,fear
28507,fear
28517,neutral
28531,happy
28535,angry
28539,fear
28546,neutral
28549,angry
28642,fear
28681,angry
2871,happy
28723,angry
28769,neutral
28782,happy
28836,angry
28842,fear
28846,neutral
28854,happy
28951,happy
29009,neutral
2901,fear
29099,angry
29129,neutral
2914,neutral
29216,fear
29246,happy
29256,happy
29311,happy
29324,neutral
29388,happy
29403,happy
29428,happy
29438,angry
29484,fear
29500,fear
29505,happy
29525,neutral
2953,neutral
29556,fear
29559,fear
2957,fear
29608,happy
29609,neutral
2962,angry
29637,neutral
29664,neutral
29694,neutral
29758,happy
2978,happy
29794,angry
2984,fear
29840,neutral
29848,angry
29893,fear
29916,angry
29921,happy
29944,happy
2995,happy
2998,happy
30053,happy
30121,fear
30167,happy
30197,happy
30220,happy
30345,angry
30346,neutral
30371,happy
30374,angry
30422,happy
3050,happy
3051,happy
30530,happy
30543,angry
30546,happy
30581,fear
30713,angry
30786,happy
30850,neutral
30976,fear
31057,fear
31123,fear
31132,happy
31139,happy
3115,neutral
31164,angry
31189,happy
3123,fear
31240,happy
31257,happy
31263,happy
31307,angry
31332,neutral
31347,fear
31371,neutral
31373,happy
31478,sad
31483,angry
31486,angry
31546,angry
31561,happy
31591,fear
31713,neutral
3174,happy
31774,happy
31820,fear
31869,neutral
3191,happy
31949,neutral
31997,fear
3204,neutral
32071,neutral
32081,happy
3221,happy
32216,neutral
32321,neutral
32330,fear
32355,fear
32360,fear
32371,fear
32391,neutral
32443,angry
32445,happy
32467,happy
3247,fear
32479,happy
32508,happy
32516,fear
32547,fear
32587,angry
32605,happy
32636,sad
32671,fear
32683,happy
32730,fear
3276,happy
32778,happy
32782,angry
32792,fear
32817,happy
32855,sad
32870,happy
32905,happy
32914,fear
32935,angry
32939,angry
32965,sad
32972,happy
32978,fear
33005,fear
33013,happy
33022,fear
33031,fear
33049,angry
33052,happy
33100,happy
33124,neutral
33159,happy
33182,fear
33219,neutral
33243,angry
33255,angry
33317,happy
33346,angry
33381,happy
33399,fear
33452,sad
33468,happy
33471,angry
33514,fear
33526,neutral
33609,neutral
33642,happy
33699,happy
33710,neutral
3375,happy
33785,neutral
33794,neutral
33813,neutral
33819,neutral
33856,happy
33858,sad
33863,happy
33865,neutral
33870,fear
33880,happy
33894,happy
3395,neutral
33965,happy
33999,angry
34037,fear
3404,angry
34059,happy
34088,angry
34093,neutral
34131,neutral
34161,sad
34269,neutral
34272,fear
34279,happy
34308,angry
34324,happy
34335,angry
34513,angry
34526,fear
34530,happy
34539,angry
34555,fear
34598,angry
34612,fear
34673,neutral
34685,angry
34854,neutral
34870,angry
34875,happy
34920,fear
34979,neutral
3502,fear
35034,fear
35075,happy
35108,fear
35129,angry
35183,happy
35216,fear
35229,angry
35241,angry
35255,angry
35267,happy
35332,happy
3535,happy
35356,fear
3537,fear
35400,angry
35408,happy
35484,happy
35546,happy
35576,fear
35628,happy
35657,neutral
3566,happy
35704,fear
3575,happy
35754,fear
35755,neutral
35764,happy
35775,fear
35802,fear
35852,happy
3600,neutral
3610,happy
3700,neutral
3729,neutral
3792,fear
3795,neutral
3899,fear
3909,neutral
3929,sad
3932,angry
3953,fear
3986,happy
405,angry
4062,angry
4124,fear
4137,happy
4194,happy
4223,happy
4242,angry
4314,neutral
4328,fear
4339,angry
4372,angry
4380,happy
4394,happy
44,happy
4443,neutral
4449,fear
449,neutral
4552,happy
4553,fear
4563,angry
4573,happy
4574,neutral
4672,angry
4748,happy
4752,neutral
4770,angry
4777,happy
4802,fear
4825,sad
4829,angry
4868,sad
4870,happy
4883,fear
4888,neutral
4935,angry
4953,fear
4998,happy
5046,sad
5053,fear
5073,happy
508,angry
5087,happy
5110,angry
5116,angry
5170,angry
5186,happy
5258,fear
5267,angry
5323,fear
5345,sad
5361,fear
5385,fear
541,angry
542,happy
5444,fear
5446,happy
5449,fear
547,angry
551,fear
5527,neutral
5536,happy
5549,neutral
5561,happy
5591,happy
5651,neutral
5687,angry
5695,happy
5708,happy
5713,angry
5715,happy
5724,happy
5748,neutral
5749,neutral
5784,happy
5792,fear
5811,neutral
5831,neutral
584,angry
5853,happy
5865,happy
5912,happy
5931,happy
5953,happy
596,happy
5976,angry
5984,neutral
60,neutral
601,happy
6078,fear
6103,neutral
615,fear
6158,happy
6180,angry
6193,fear
6236,happy
6343,neutral
6351,fear
6388,fear
6397,happy
6412,happy
644,happy
649,angry
6502,happy
651,happy
6527,neutral
6599,fear
662,neutral
6664,fear
6710,happy
673,happy
6813,happy
6836,angry
6842,happy
6869,happy
6891,angry
6934,fear
7008,fear
7009,happy
7077,neutral
7092,fear
7110,neutral
7131,happy
7198,angry
7220,happy
7239,happy
7254,fear
7273,happy
7274,angry
7348,neutral
7361,angry
7376,fear
7398,happy
7462,happy
7466,happy
7490,angry
7551,happy
7571,fear
7588,happy
7599,neutral
7630,fear
766,neutral
767,fear
7717,happy
7755,happy
7765,neutral
7772,happy
7773,angry
7788,happy
7823,fear
7831,happy
7871,happy
7903,fear
7932,happy
7953,neutral
8003,angry
8054,sad
8076,happy
8083,angry
8105,fear
8141,happy
8179,fear
8211,neutral
8216,neutral
8233,happy
8247,happy
8262,fear
8264,neutral
8280,happy
8295,happy
8347,angry
8352,happy
8373,happy
838,fear
8389,fear
8392,fear
841,angry
8410,fear
8471,happy
8483,happy
8498,happy
8516,angry
8536,angry
855,happy
8599,angry
8687,happy
8694,fear
8724,angry
8763,happy
8768,angry
8782,fear
8788,happy
8802,fear
8842,happy
8862,happy
8863,angry
8868,angry
8880,fear
891,neutral
8919,happy
8946,neutral
8976,happy
8980,fear
9011,fear
9016,happy
9046,neutral
9050,neutral
9069,happy
9099,angry
9128,happy
913,angry
9149,fear
917,happy
9170,fear
9209,fear
9221,happy
9235,happy
9252,happy
9273,happy
9276,angry
9288,neutral
9292,happy
9324,happy
9335,angry
9355,happy
9356,fear
9360,happy
9381,happy
9415,fear
9420,neutral
9434,neutral
9453,neutral
9473,happy
9477,neutral
9507,happy
9543,happy
9611,angry
9701,neutral
9712,neutral
9718,angry
9773,angry
9803,neutral
9838,neutral
9867,happy
9874,fear
9936,angry
9975,happy
9982,neutral
9993,happy
10004,happy
1003,neutral
10031,neutral
10073,fear
10114,fear
10116,fear
10171,happy
10172,happy
10176,disgust
1022,happy
10252,neutral
1026,fear
10339,fear
10352,fear
10375,neutral
10383,happy
10386,fear
10423,angry
10425,angry
10455,happy
10561,sad
10607,happy
10620,happy
10655,happy
10686,happy
10694,happy
10713,fear
10769,angry
1078,fear
10871,neutral
10881,happy
10919,happy
11025,neutral
11026,happy
11031,neutral
11100,angry
11138,neutral
11140,angry
11163,fear
11192,fear
11209,fear
11234,happy
11241,angry
11264,happy
11280,fear
11284,fear
11295,neutral
11316,happy
11346,fear
11398,angry
1148,neutral
115,neutral
11523,sad
1156,happy
11581,neutral
11582,fear
11601,neutral
11626,angry
11640,happy
11662,happy
11722,angry
1173,neutral
11746,angry
11790,happy
11794,angry
11836,angry
11867,angry
11876,neutral
11880,happy
11891,happy
11909,fear
11966,neutral
11978,neutral
1198,fear
12040,neutral
12074,neutral
12092,happy
12113,fear
12119,neutral
12190,neutral
12246,happy
12267,angry
12318,happy
12364,happy
12498,fear
12512,fear
12524,happy
12547,angry
12591,neutral
12594,happy
12621,angry
1264,neutral
12648,happy
12659,angry
12661,neutral
12702,happy
12758,happy
12791,happy
12818,happy
12827,fear
12899,fear
12958,fear
1298,angry
13000,angry
13027,angry
13051,happy
13091,fear
13150,angry
13162,happy
13180,fear
13187,angry
13293,fear
13296,sad
13339,fear
13380,happy
13421,neutral
13483,fear
13488,neutral
13505,neutral
13510,happy
1353,happy
13562,neutral
13575,fear
13598,fear
13631,fear
1364,happy
13666,fear
13714,angry
13726,neutral
13793,fear
13801,happy
13812,happy
13852,neutral
13870,neutral
13888,happy
13907,happy
13940,fear
13979,happy
13983,angry
14048,happy
14070,sad
14106,happy
14122,neutral
14127,angry
14136,happy
1420,happy
14208,angry
14226,angry
14250,neutral
14346,fear
14384,happy
14388,neutral
14459,happy
14464,angry
14472,angry
14474,neutral
14484,fear
14494,neutral
14505,happy
14522,happy
14524,happy
14561,happy
14572,fear
14574,neutral
14578,fear
14682,happy
14696,sad
14729,happy
1482,neutral
14835,fear
14836,happy
15052,fear
15078,happy
15090,neutral
15129,happy
15145,angry
15167,angry
15169,happy
15192,happy
15208,happy
15289,happy
15294,happy
1536,neutral
15365,angry
15373,angry
15436,neutral
15447,angry
15462,angry
15468,happy
15484,happy
1549,neutral
15534,happy
15535,sad
15565,happy
15580,happy
15592,happy
1560,fear
15613,angry
15642,fear
15657,fear
15696,happy
15697,neutral
15795,angry
15867,happy
15909,angry
15929,angry
16003,neutral
16010,happy
16053,fear
16056,angry
16075,neutral
16087,fear
16125,happy
16151,angry
16208,happy
16304,happy
16338,fear
16387,angry
16388,sad
16405,happy
16443,angry
1645,happy
16475,happy
16535,neutral
16558,fear
16645,happy
16706,angry
16710,happy
16776,happy
1678,neutral
16787,neutral
16798,neutral
16821,happy
16837,angry
16839,fear
16863,fear
16895,fear
16938,fear
16962,happy
16985,angry
17003,angry
17011,angry
17100,angry
17128,fear
172,neutral
17206,happy
17215,happy
17237,fear
17248,angry
17257,neutral
17275,fear
17279,angry
17293,fear
17297,angry
17331,happy
17341,happy
17363,happy
17426,happy
17432,happy
1751,angry
17518,fear
17597,fear
17607,neutral
17625,happy
17662,fear
17666,neutral
17678,angry
17713,happy
17717,angry
1772,happy
17730,neutral
17746,happy
17763,fear
17767,happy
17775,fear
1778,happy
17784,happy
17794,fear
17887,happy
17912,happy
18047,happy
18067,happy
18101,happy
18120,happy
18180,neutral
18193,angry
18260,fear
18270,fear
18300,angry
18345,happy
18349,angry
18361,fear
18367,happy
18381,happy
18457,happy
18475,happy
1854,fear
18550,neutral
18573,happy
18610,neutral
18732,neutral
18734,fear
18842,fear
18855,angry
18872,fear
18888,fear
18897,neutral
1891,sad
18914,angry
18927,happy
1896,happy
18962,angry
19029,angry
19049,happy
19082,angry
19084,happy
19095,happy
19145,fear
19165,neutral
19179,fear
1926,happy
19274,fear
19285,fear
19303,angry
1931,angry
19364,angry
1937,happy
19384,angry
19422,fear
19461,angry
19470,neutral
19486,angry
19531,angry
19535,fear
19578,sad
19607,fear
19663,angry
19674,angry
1973,neutral
19731,fear
19785,neutral
19799,angry
19861,fear
19864,neutral
19880,neutral
19893,neutral
19934,angry
19969,happy
19973,fear
19975,fear
20,happy
20072,neutral
20073,fear
20104,happy
20171,happy
20192,angry
20193,happy
20217,neutral
20301,fear
20313,happy
2039,fear
20395,fear
20400,angry
20468,happy
20469,fear
20511,neutral
20560,neutral
20563,fear
20589,fear
20650,happy
20656,happy
20667,fear
20750,neutral
2084,fear
20908,neutral
2091,fear
20964,angry
20979,fear
21005,happy
21029,happy
21036,neutral
21078,fear
21082,fear
21201,fear
21221,fear
21249,happy
21275,neutral
21282,angry
21312,neutral
21324,fear
21428,fear
21434,neutral
21531,happy
21535,neutral
21549,happy
2157,neutral
21632,fear
21666,fear
21681,angry
21715,neutral
21720,happy
2176,angry
21766,angry
21769,happy
21968,neutral
21978,fear
21988,neutral
22004,angry
22032,happy
22051,happy
22067,happy
22117,neutral
22241,happy
22255,happy
22271,happy
22319,angry
22335,happy
2238,fear
2239,angry
22390,fear
22416,happy
22419,happy
22448,neutral
22449,angry
22452,neutral
22521,neutral
2256,neutral
22602,angry
22619,sad
22631,happy
22651,happy
22690,fear
22704,fear
22761,happy
22765,neutral
22766,happy
2278,neutral
22808,happy
22816,fear
22937,angry
22961,happy
22977,fear
22989,happy
23054,happy
23060,neutral
231,fear
2312,neutral
23220,happy
23297,fear
23304,happy
23341,neutral
23374,neutral
23407,angry
23430,angry
23452,happy
23471,fear
23483,happy
23507,neutral
23542,happy
23549,neutral
23562,neutral
23584,fear
23601,neutral
23654,angry
23658,neutral
2367,angry
23675,happy
23700,angry
23715,neutral
23748,fear
23760,neutral
23764,happy
23779,neutral
23781,happy
23792,angry
23817,angry
23829,angry
23832,happy
23853,fear
23884,angry
23901,angry
23905,happy
23915,neutral
23945,neutral
23948,happy
23965,angry
23968,angry
23978,angry
23991,neutral
24013,fear
24057,angry
24066,angry
24087,neutral
2412,neutral
24133,happy
24160,fear
24168,happy
24173,happy
2418,fear
24183,happy
24217,fear
24239,happy
24247,fear
2431,happy
24329,happy
24363,angry
24384,happy
24420,happy
24421,angry
24460,angry
24473,angry
2451,neutral
24543,fear
24545,fear
24582,neutral
24643,happy
24664,neutral
24736,neutral
2476,happy
2478,fear
2485,happy
24881,happy
24909,neutral
24916,fear
2496,sad
2499,neutral
2502,sad
25025,happy
25055,neutral
25087,neutral
25117,neutral
25126,fear
25211,fear
25231,happy
25240,angry
25250,happy
25281,fear
2530,neutral
2533,happy
25330,angry
25348,angry
25351,happy
25356,neutral
25379,happy
25381,angry
2539,fear
25410,angry
25412,fear
25425,happy
2546,neutral
25510,fear
25529,neutral
25576,fear
25582,angry
25597,happy
25632,angry
25643,fear
2565,fear
25819,neutral
25832,happy
25843,fear
25920,happy
25961,fear
25983,happy
25985,angry
26005,sad
26006,happy
26040,angry
26079,neutral
2615,fear
26198,fear
26249,angry
26269,angry
26270,angry
26292,happy
26304,happy
26313,neutral
26321,fear
2633,angry
26339,neutral
26346,sad
2635,happy
26355,neutral
26368,happy
26378,angry
26398,neutral
26404,angry
26443,happy
26484,happy
26501,fear
26543,angry
26566,neutral
26573,happy
26581,neutral
26586,angry
26600,angry
26612,happy
26670,neutral
26675,neutral
26683,angry
26702,fear
26747,angry
26772,angry
26834,angry
2690,angry
26959,happy
26970,happy
27005,fear
27027,happy
27035,neutral
27052,angry
27117,angry
27124,happy
27258,angry
27292,happy
27305,neutral
27350,happy
27400,fear
27410,fear
27450,happy
27461,neutral
27471,neutral
2748,neutral
2751,happy
27518,fear
27522,fear
27561,happy
27562,neutral
27576,happy
27585,fear
27588,happy
27629,happy
27681,neutral
27694,happy
27719,fear
27759,happy
27776,happy
27788,neutral
27810,fear
2785,neutral
27873,fear
2788,happy
27887,fear
27913,happy
27948,happy
27993,happy
28053,happy
28073,happy
28091,fear
28100,happy
28137,happy
28143,fear
28171,neutral
28230,happy
28252,fear
28272,happy
28294,fear
28296,neutral
28396,neutral
28424,neutral
28426,neutral
28465,fear
28552,neutral
28555,happy
28568,happy
28596,happy
28696,happy
28700,fear
28794,happy
28895,angry
28966,happy
2902,happy
29058,neutral
29082,angry
29112,angry
29121,fear
29150,angry
29194,angry
29226,fear
29243,angry
29295,angry
29298,neutral
29305,neutral
29318,angry
29322,fear
2934,neutral
29379,happy
29383,fear
2945,sad
2950,happy
29529,neutral
29553,happy
29561,fear
29580,neutral
29585,angry
29617,angry
29622,neutral
29627,fear
29628,happy
29632,fear
29652,fear
29692,neutral
29703,happy
29756,fear
29757,happy
29792,neutral
29819,fear
29835,happy
29875,angry
29897,neutral
29936,neutral
29937,fear
29941,angry
29970,angry
29973,angry
29998,happy
30001,angry
30035,happy
30045,happy
30056,fear
3007,neutral
30080,happy
30094,angry
30104,happy
30118,happy
3012,angry
30144,happy
30170,fear
30181,happy
30219,neutral
30251,fear
30274,fear
30289,fear
30292,angry
30326,angry
30331,angry
30358,happy
30377,happy
30410,neutral
30439,angry
30440,happy
30462,neutral
30541,neutral
30552,happy
3056,neutral
30565,fear
3059,happy
30611,angry
3075,sad
30763,fear
30789,happy
30817,happy
30818,angry
30853,angry
30867,happy
3088,fear
3094,angry
31009,happy
31068,fear
31072,neutral
31099,happy
31104,happy
31113,fear
31149,angry
3118,happy
312,neutral
31248,angry
31265,neutral
31328,fear
31367,neutral
3139,fear
31390,happy
31409,fear
31424,happy
31506,fear
31510,neutral
31527,fear
31534,angry
31634,happy
31643,fear
31653,neutral
31663,angry
31665,neutral
31669,neutral
3169,neutral
31712,fear
31720,happy
31836,happy
31857,fear
3187,happy
32005,neutral
32029,happy
3206,fear
32139,happy
32175,happy
32183,angry
32189,happy
32202,happy
32268,neutral
32296,sad
32297,fear
3235,happy
32383,happy
32394,fear
32422,sad
32565,neutral
32580,happy
32582,neutral
32613,angry
3263,neutral
32711,fear
32744,fear
32768,happy
32814,happy
32818,neutral
32836,happy
32843,happy
32859,happy
32861,neutral
32898,happy
32903,angry
32911,happy
32932,happy
32982,fear
33089,angry
33152,happy
33213,fear
33227,happy
33247,happy
33276,happy
33295,neutral
33302,fear
33331,fear
33371,happy
33373,angry
33421,neutral
33492,fear
33516,fear
33523,fear
33538,sad
33628,happy
33636,neutral
33640,happy
33686,neutral
33691,happy
33693,happy
33736,neutral
33747,fear
3378,happy
33780,neutral
33786,fear
3382,neutral
33820,neutral
33936,fear
33962,fear
33988,angry
3403,happy
34070,happy
34121,angry
34176,neutral
34195,neutral
34205,happy
34242,happy
34250,fear
3433,angry
34387,happy
34408,angry
34413,happy
34427,fear
34477,neutral
34509,neutral
34533,fear
34605,neutral
34610,happy
34629,happy
34633,fear
34679,angry
34694,fear
3477,neutral
34788,happy
34798,happy
34799,angry
34820,fear
34827,happy
34905,fear
34913,angry
34917,angry
3492,fear
34945,neutral
34985,neutral
34988,fear
34991,happy
350,happy
35030,happy
35039,happy
35043,happy
35058,happy
3506,fear
3508,happy
35116,fear
35131,happy
35148,happy
3518,fear
35192,angry
35214,happy
35297,happy
35318,neutral
35375,angry
35386,happy
35411,neutral
3546,happy
35528,fear
35567,sad
35605,neutral
35615,fear
35639,fear
35691,angry
35737,angry
35768,neutral
35812,happy
35873,fear
359,neutral
3634,fear
3653,angry
3661,fear
3731,angry
3767,happy
3825,happy
3855,happy
3869,happy
3922,happy
3951,happy
3972,angry
3988,neutral
4130,neutral
4207,happy
422,fear
4233,neutral
4274,happy
4381,angry
4389,happy
4412,fear
4415,fear
4441,neutral
4482,angry
4534,happy
4572,neutral
4594,fear
4596,fear
4615,neutral
4624,happy
4697,neutral
4714,neutral
4734,neutral
4736,happy
4764,fear
4771,neutral
4811,angry
4860,angry
4940,neutral
4951,happy
4958,fear
4987,angry
5004,neutral
505,happy
5055,fear
5056,neutral
5058,neutral
5061,happy
5100,neutral
5101,angry
5107,neutral
5147,fear
5166,fear
5177,happy
5224,happy
5229,neutral
5374,happy
5435,happy
5466,angry
5560,happy
5629,fear
5642,neutral
5689,neutral
5710,happy
580,happy
5836,neutral
5910,angry
5995,happy
6025,neutral
6033,disgust
6109,angry
6137,fear
6149,neutral
6187,angry
6215,neutral
6265,happy
6304,neutral
6312,fear
6353,angry
6400,angry
6449,happy
6459,neutral
6467,neutral
6492,happy
6521,angry
6529,happy
6551,happy
6557,happy
6563,fear
6645,neutral
6660,happy
6720,angry
6735,angry
6771,neutral
680,neutral
6833,happy
6860,neutral
688,fear
6897,happy
6901,fear
6904,happy
6915,happy
6930,angry
6957,sad
6960,happy
6964,happy
70,happy
7030,angry
7037,angry
7039,fear
7119,fear
7121,happy
7165,neutral
7232,happy
7253,happy
7268,happy
7275,fear
7287,neutral
7301,happy
7337,angry
7371,neutral
7400,happy
7406,happy
7430,happy
7475,angry
7502,happy
7536,neutral
7566,happy
7569,happy
761,neutral
7618,fear
7623,fear
7675,neutral
7679,angry
7724,happy
7776,angry
7806,happy
7848,happy
7877,angry
7878,happy
7943,fear
7962,happy
7963,fear
7976,fear
798,happy
800,happy
8039,neutral
8056,happy
8098,fear
8099,angry
8102,neutral
8146,sad
8164,angry
8197,fear
8203,happy
822,neutral
8223,neutral
8238,sad
8252,happy
8266,angry
8333,happy
8390,angry
8430,neutral
8525,neutral
8580,angry
8614,neutral
8639,fear
8659,neutral
8702,happy
8718,happy
8738,neutral
8761,fear
8814,happy
8834,happy
8851,angry
8876,fear
8892,happy
8925,angry
8953,neutral
8955,angry
8958,happy
9006,happy
9028,happy
9066,neutral
9073,fear
9082,neutral
9087,fear
9119,happy
9142,fear
9171,angry
9219,angry
922,angry
9238,happy
9267,angry
9327,happy
9338,happy
9387,happy
9405,happy
9454,angry
9457,angry
9459,neutral
9463,angry
9465,happy
9498,happy
9508,fear
9548,neutral
9689,angry
9693,happy
9713,fear
9769,neutral
977,neutral
98,fear
9841,angry
9864,happy
987,angry
9885,fear
9889,happy
9923,neutral
10056,neutral
10097,happy
10162,angry
10185,happy
10246,neutral
10259,angry
10268,angry
10306,happy
1033,happy
10365,fear
10372,happy
10444,angry
10545,happy
10625,fear
10701,happy
10734,angry
10755,fear
10768,sad
10800,fear
10813,neutral
10820,happy
10837,neutral
10866,happy
10909,neutral
10931,fear
10950,happy
11000,fear
11043,angry
1107,happy
11126,angry
11139,neutral
1118,angry
11302,fear
11414,neutral
11418,happy
11429,neutral
11451,neutral
11466,angry
11589,fear
11670,angry
11721,happy
1176,neutral
11786,fear
11848,sad
11865,neutral
11902,happy
12086,happy
12107,neutral
12131,sad
12134,neutral
12312,angry
12320,angry
12338,happy
1239,happy
12463,happy
12470,angry
1249,angry
12504,fear
12529,happy
12551,fear
12567,neutral
12626,happy
12684,fear
12723,angry
12748,angry
12768,neutral
12903,sad
12924,sad
12960,fear
12973,neutral
13009,happy
13080,sad
13101,neutral
13145,angry
13169,happy
13203,happy
13205,happy
13230,fear
13288,neutral
13460,happy
13521,sad
13622,happy
13684,fear
13740,neutral
1376,angry
13837,neutral
13876,fear
14080,fear
14091,happy
14115,sad
14305,happy
14331,neutral
14375,neutral
1449,fear
1457,happy
14647,fear
14691,angry
14697,angry
14798,angry
14914,happy
14927,happy
14968,fear
15008,neutral
15034,fear
15037,happy
15047,happy
15101,happy
1515,neutral
15179,angry
15238,happy
15244,sad
15263,angry
15354,neutral
15378,angry
15383,happy
15416,neutral
15454,angry
15467,fear
15486,fear
15487,happy
15518,neutral
15524,neutral
15527,happy
15533,happy
15628,neutral
15635,fear
15788,fear
15802,fear
1583,happy
15922,neutral
15944,angry
16110,angry
16133,angry
16172,happy
16229,fear
16237,fear
16280,angry
16396,happy
16415,fear
16441,happy
16507,neutral
16530,angry
16646,angry
16666,fear
16721,fear
16756,happy
16774,fear
16829,happy
16886,neutral
16901,fear
16947,neutral
16959,fear
16980,angry
16995,happy
17016,angry
17019,happy
17027,fear
17044,angry
1710,happy
17137,happy
17148,fear
17157,fear
17161,happy
17177,angry
17205,happy
17245,angry
17290,neutral
17309,happy
1735,neutral
17350,neutral
17422,happy
17429,neutral
17433,happy
1750,happy
176,angry
17610,happy
1764,angry
17693,angry
17845,neutral
17906,happy
17919,happy
17952,angry
1800,fear
18026,fear
18038,happy
18132,happy
18198,angry
18285,angry
18313,fear
18393,happy
18436,angry
18521,neutral
18555,happy
18577,fear
18613,happy
18615,happy
18619,neutral
18631,neutral
1864,fear
18678,neutral
18706,happy
18742,happy
18862,happy
18864,neutral
19051,angry
1911,neutral
1914,fear
19142,fear
19177,angry
19187,sad
19267,angry
19314,angry
19362,happy
19389,happy
19431,angry
1945,sad
1952,fear
19594,fear
19601,angry
19650,happy
19665,angry
19720,happy
19755,fear
19795,happy
1992,happy
19972,sad
20041,angry
20146,neutral
20148,neutral
20162,neutral
20167,happy
20262,fear
20293,neutral
20369,angry
20373,happy
20387,happy
20407,neutral
20467,neutral
20573,happy
20584,happy
20594,angry
20664,angry
20691,neutral
20786,happy
20855,angry
20882,happy
2090,happy
20935,happy
20947,fear
20967,neutral
20989,neutral
21044,neutral
21072,happy
21074,angry
2114,fear
21148,angry
21151,fear
21153,angry
21154,happy
2119,happy
21217,angry
21233,angry
21239,fear
21299,happy
21417,happy
2146,neutral
21461,fear
21468,happy
21545,fear
21570,happy
21578,angry
21587,neutral
2168,neutral
2173,fear
21807,fear
21824,happy
21834,happy
21887,happy
21896,angry
21906,happy
2195,happy
21973,angry
21987,fear
2200,angry
22019,fear
22025,neutral
22128,neutral
22131,angry
22278,angry
2228,angry
22305,angry
22322,neutral
2234,neutral
22372,happy
22497,happy
22509,angry
22525,angry
22666,happy
22741,fear
22771,fear
22864,happy
22921,happy
23053,happy
23151,happy
23155,neutral
23328,happy
23346,angry
23386,happy
23413,fear
23433,fear
23661,fear
23662,happy
23739,neutral
23747,fear
23751,angry
23885,happy
23893,sad
23917,neutral
23941,neutral
23943,happy
23949,fear
24022,angry
24031,fear
24046,fear
24050,angry
24143,fear
24163,happy
24167,neutral
24174,neutral
24179,happy
24201,happy
24291,happy
24404,angry
24411,happy
24415,angry
24432,fear
24433,angry
2448,happy
24557,neutral
2461,fear
24646,happy
24668,happy
24756,fear
24893,angry
24904,fear
24921,angry
25010,happy
25036,happy
25044,happy
25107,happy
25143,angry
25188,neutral
25229,happy
25234,happy
25280,sad
2529,fear
25319,neutral
25390,neutral
25397,neutral
25402,neutral
25416,happy
25492,angry
25539,happy
25563,angry
25571,angry
256,happy
25610,fear
25636,angry
25674,angry
25687,happy
25709,happy
25742,happy
25781,happy
25808,neutral
25906,happy
25959,angry
26076,happy
26087,fear
26101,happy
26102,neutral
26133,neutral
2619,happy
26243,fear
2634,angry
26452,fear
26455,neutral
26483,happy
26487,happy
26500,angry
26556,neutral
26626,happy
26708,happy
26800,happy
26825,happy
26907,angry
26910,neutral
26914,happy
26944,fear
27025,happy
27039,happy
27070,neutral
27125,neutral
27165,neutral
27174,fear
27193,neutral
27240,neutral
27270,fear
27273,sad
27321,angry
27325,neutral
27328,neutral
2744,fear
27566,fear
27577,angry
2758,happy
27586,neutral
2759,sad
276,happy
27696,fear
27737,happy
27756,fear
27774,neutral
27803,happy
27916,happy
27919,fear
27926,neutral
27933,angry
27973,fear
27979,happy
2803,happy
28076,neutral
28082,happy
28130,happy
28182,happy
28219,neutral
28236,fear
28287,neutral
28328,happy
28335,angry
28342,happy
2835,happy
2837,angry
28370,happy
28421,neutral
28441,angry
28448,happy
28476,neutral
28482,angry
28501,angry
28525,happy
28639,happy
28653,happy
28666,neutral
28667,fear
28727,happy
28803,happy
2886,happy
28864,happy
28901,fear
29038,fear
29110,happy
29118,angry
29164,neutral
29205,neutral
29225,neutral
29276,neutral
29283,neutral
29354,neutral
2949,fear
29515,fear
29516,happy
29537,happy
29540,angry
29542,fear
29551,happy
29557,fear
2956,angry
29568,angry
29618,happy
29619,happy
29677,happy
29690,neutral
29796,happy
29797,happy
29803,happy
29884,angry
29954,happy
3002,happy
30173,neutral
30174,fear
30184,neutral
30190,neutral
30336,fear
30537,angry
30620,neutral
30625,happy
30628,fear
30714,happy
30726,neutral
30811,neutral
3084,angry
30943,happy
30989,happy
31005,happy
31054,fear
31097,disgust
31102,happy
31194,angry
31198,angry
31206,fear
31223,happy
31353,fear
31364,fear
31533,angry
31563,fear
3157,sad
31631,fear
31662,happy
31775,neutral
31781,happy
31784,angry
31799,angry
31814,happy
31826,happy
31872,angry
31882,neutral
31899,happy
31953,neutral
31961,fear
32069,happy
32132,fear
32165,fear
32179,neutral
3223,happy
3224,fear
32243,happy
32308,happy
32315,happy
32324,fear
32334,happy
32365,fear
32395,neutral
32405,happy
32420,happy
32432,fear
32510,happy
32530,happy
32630,neutral
32695,happy
32727,happy
32734,angry
32753,happy
32756,happy
32894,fear
32968,happy
32979,fear
330,fear
33039,neutral
33055,neutral
33072,angry
33079,happy
33147,fear
33180,fear
33290,happy
33316,neutral
33329,sad
33364,happy
33376,fear
33378,happy
33405,angry
33411,angry
3354,angry
336,happy
33667,happy
33677,neutral
33745,neutral
33759,fear
33789,happy
33800,neutral
33879,angry
3392,angry
33993,neutral
33997,angry
34004,happy
34034,happy
34039,angry
34072,happy
34087,happy
34134,neutral
34162,angry
34212,fear
3423,happy
34237,happy
34252,fear
34288,neutral
34385,neutral
34400,neutral
34416,fear
34439,angry
3445,angry
34546,happy
34557,angry
34664,angry
34674,neutral
34722,neutral
34787,angry
34813,happy
34844,happy
34904,neutral
34926,neutral
34984,happy
34986,happy
35049,happy
35063,angry
35083,happy
35084,fear
35118,happy
35121,neutral
35144,angry
35154,fear
35156,angry
35194,angry
35201,neutral
35212,neutral
35237,angry
35276,happy
35355,happy
35384,happy
35387,neutral
35399,fear
35511,happy
35524,fear
35530,angry
35608,happy
35644,happy
35684,neutral
35688,neutral
35757,happy
35790,angry
35823,happy
35833,happy
35857,fear
35872,happy
3603,happy
3607,neutral
3635,happy
3675,happy
3691,happy
3756,fear
3765,neutral
3858,happy
3874,neutral
3878,fear
3925,angry
4036,neutral
4072,angry
4076,sad
4080,happy
4086,happy
413,neutral
4199,sad
4243,happy
4289,neutral
4347,neutral
435,fear
4352,angry
438,sad
4390,fear
4431,happy
4486,angry
4513,angry
4536,fear
4570,neutral
4621,angry
4636,happy
4657,neutral
4685,happy
4698,fear
4793,fear
4895,angry
4912,happy
5037,angry
5077,happy
51,fear
5138,happy
5178,fear
518,happy
5310,fear
5375,neutral
5419,happy
5450,happy
5513,neutral
5530,neutral
5595,happy
5636,happy
5664,angry
5706,neutral
5771,neutral
5778,neutral
5855,neutral
5893,angry
5938,angry
5943,neutral
5997,fear
6046,fear
6050,happy
6167,fear
6184,happy
6216,neutral
6219,happy
6247,neutral
6309,happy
6360,happy
6410,neutral
6415,neutral
6425,fear
6427,happy
647,happy
6518,angry
6598,neutral
6647,neutral
670,fear
6711,happy
6716,angry
675,fear
6797,angry
6877,happy
692,happy
6966,happy
7024,angry
7032,happy
7153,fear
7203,fear
7211,angry
726,fear
7459,happy
7512,neutral
7562,angry
7582,fear
759,happy
7626,happy
7761,fear
7774,happy
78,neutral
783,fear
7865,fear
7874,neutral
788,angry
7926,happy
7957,happy
8016,neutral
8021,neutral
8042,fear
8063,neutral
8115,happy
8137,happy
8143,angry
8173,happy
8240,neutral
8309,happy
8329,neutral
8404,neutral
8421,fear
843,neutral
8439,happy
8478,angry
8489,happy
867,happy
8736,angry
8837,happy
8928,angry
8973,fear
9017,fear
9021,happy
9118,neutral
9141,fear
9162,neutral
9309,happy
9367,happy
9380,angry
9450,happy
9467,happy
947,happy
9499,angry
9541,angry
9546,angry
9560,angry
9630,fear
9644,angry
9681,angry
9776,neutral
9786,happy
9806,happy
9830,happy
9853,happy
9878,neutral
993,neutral
